Date;Timestamp;DeviceOrientation;AccelerationX;AccelerationY;AccelerationZ;Label
2024-11-10 15:59:19;1731275959.935673;portrait;0.0220184326171875;-0.13800048828125;-0.87890625;
2024-11-10 15:59:19;1731275959.9363089;portrait;-0.051422119140625;-0.129638671875;-0.957733154296875;
2024-11-10 15:59:19;1731275959.936452;portrait;-0.0940093994140625;-0.2066802978515625;-0.9112396240234375;
2024-11-10 15:59:19;1731275959.9365768;portrait;-0.0826416015625;-0.19293212890625;-0.9918975830078125;
2024-11-10 15:59:19;1731275959.9366999;portrait;-0.06707763671875;-0.148162841796875;-0.9974517822265625;
2024-11-10 15:59:19;1731275959.966821;portrait;-0.107757568359375;-0.21795654296875;-0.8742523193359375;
2024-11-10 15:59:19;1731275960.017842;portrait;-0.162017822265625;-0.25250244140625;-0.849945068359375;
2024-11-10 15:59:19;1731275960.0677881;portrait;-0.1622161865234375;-0.3016204833984375;-0.865142822265625;
2024-11-10 15:59:19;1731275960.11792;portrait;-0.152374267578125;-0.219268798828125;-0.9744415283203125;
2024-11-10 15:59:19;1731275960.168487;portrait;-0.11065673828125;-0.3152923583984375;-0.933441162109375;
2024-11-10 15:59:19;1731275960.218961;portrait;-0.1541290283203125;-0.210235595703125;-1.0391387939453125;
2024-11-10 15:59:19;1731275960.269316;portrait;-0.155517578125;-0.370391845703125;-0.890411376953125;
2024-11-10 15:59:19;1731275960.3195071;portrait;-0.1681060791015625;-0.373779296875;-1.1943511962890625;
2024-11-10 15:59:19;1731275960.36973;portrait;-0.15380859375;-0.3475799560546875;-1.0886077880859375;
2024-11-10 15:59:19;1731275960.419997;portrait;-0.05010986328125;-0.32537841796875;-1.031036376953125;
2024-11-10 15:59:19;1731275960.47022;portrait;-0.1136932373046875;-0.2466583251953125;-1.105712890625;
2024-11-10 15:59:19;1731275960.52052;portrait;-0.0279388427734375;-0.165496826171875;-1.1952056884765625;
2024-11-10 15:59:19;1731275960.5707169;portrait;0.22100830078125;-0.195648193359375;-1.05743408203125;
2024-11-10 15:59:19;1731275960.620888;portrait;0.00701904296875;-0.104522705078125;-1.807708740234375;
2024-11-10 15:59:19;1731275960.671133;portrait;0.1257781982421875;-0.16131591796875;-1.6529541015625;
2024-11-10 15:59:19;1731275960.721482;portrait;0.0143585205078125;-0.211212158203125;-0.9547271728515625;
2024-11-10 15:59:19;1731275960.771634;portrait;-0.0771636962890625;-0.0935821533203125;-0.69537353515625;
2024-11-10 15:59:19;1731275960.821687;portrait;-0.383697509765625;-0.1177520751953125;-0.52252197265625;
2024-11-10 15:59:19;1731275960.8721561;portrait;-0.21923828125;-0.0721893310546875;-0.59039306640625;
2024-11-10 15:59:19;1731275960.9223719;portrait;-0.3630523681640625;-0.0982666015625;-0.4751434326171875;
2024-11-10 15:59:19;1731275960.972293;portrait;0.1259918212890625;-0.1158905029296875;-1.2355499267578125;
2024-11-10 15:59:19;1731275961.022656;portrait;-0.231109619140625;-0.2425994873046875;-1.84442138671875;
2024-11-10 15:59:19;1731275961.072421;portrait;-0.0716705322265625;-0.2984619140625;-1.2795257568359375;
2024-11-10 15:59:19;1731275961.1230159;portrait;0.2083282470703125;-0.2254638671875;-0.5676116943359375;
2024-11-10 15:59:19;1731275961.1790671;portrait;-0.2251739501953125;-0.224151611328125;-0.7822723388671875;
2024-11-10 15:59:19;1731275961.22913;portrait;0.07769775390625;-0.169769287109375;-0.512908935546875;
2024-11-10 15:59:19;1731275961.278954;portrait;0.182373046875;-0.1708984375;-0.544525146484375;
2024-11-10 15:59:19;1731275961.3258471;portrait;0.3945465087890625;-0.3494415283203125;-0.8568572998046875;
2024-11-10 15:59:19;1731275961.378254;portrait;0.462493896484375;-0.372314453125;-1.703582763671875;
2024-11-10 15:59:19;1731275961.428962;portrait;-0.058624267578125;-0.083404541015625;-2.0124053955078125;
2024-11-10 15:59:19;1731275961.47872;portrait;-0.0125732421875;-0.16033935546875;-1.0909423828125;
2024-11-10 15:59:19;1731275961.527292;portrait;-0.2259979248046875;-0.1666107177734375;-0.5201416015625;
2024-11-10 15:59:19;1731275961.575364;portrait;-0.2966766357421875;0.003387451171875;-0.357086181640625;
2024-11-10 15:59:19;1731275961.6313949;portrait;-0.0134124755859375;0.130401611328125;-0.720245361328125;
2024-11-10 15:59:19;1731275961.681303;portrait;-0.39459228515625;-0.063262939453125;-0.5042266845703125;
2024-11-10 15:59:19;1731275961.73051;portrait;0.0184326171875;-0.289306640625;-1.562530517578125;
2024-11-10 15:59:19;1731275961.780688;portrait;-0.348663330078125;-0.529083251953125;-1.7354278564453125;
2024-11-10 15:59:19;1731275961.830328;portrait;0.149200439453125;-0.4615020751953125;-0.964111328125;
2024-11-10 15:59:19;1731275961.881177;portrait;-0.0200042724609375;-0.3768310546875;-0.7459564208984375;
2024-11-10 15:59:19;1731275961.9263458;portrait;-0.1612701416015625;-0.406982421875;-0.430511474609375;
2024-11-10 15:59:19;1731275961.976351;portrait;0.215667724609375;-0.15582275390625;-0.5074462890625;
2024-11-10 15:59:19;1731275962.029008;portrait;0.144805908203125;-0.24676513671875;-0.5025787353515625;
2024-11-10 15:59:19;1731275962.079183;portrait;0.58697509765625;-0.5502777099609375;-1.2397003173828125;
2024-11-10 15:59:19;1731275962.130542;portrait;0.062713623046875;-0.453216552734375;-2.110382080078125;
2024-11-10 15:59:19;1731275962.180042;portrait;0.2375335693359375;-0.2926177978515625;-1.51702880859375;
2024-11-10 15:59:19;1731275962.230142;portrait;-0.09747314453125;-0.3151397705078125;-0.5659027099609375;
2024-11-10 15:59:19;1731275962.279906;portrait;-0.2648468017578125;-0.1498565673828125;-0.286895751953125;
2024-11-10 15:59:19;1731275962.3308249;portrait;-0.23895263671875;0.0110626220703125;-0.6776123046875;
2024-11-10 15:59:19;1731275962.378629;portrait;-0.361297607421875;-0.0472412109375;-0.729888916015625;
2024-11-10 15:59:19;1731275962.428842;portrait;-0.4759674072265625;-0.06756591796875;-1.31878662109375;
2024-11-10 15:59:19;1731275962.479105;portrait;-0.0423431396484375;-0.92755126953125;-0.88189697265625;
2024-11-10 15:59:19;1731275962.529418;portrait;0.0159149169921875;-0.1944732666015625;-2.0552215576171875;
2024-11-10 15:59:19;1731275962.5795832;portrait;-0.045074462890625;-0.4978179931640625;-0.59600830078125;
2024-11-10 15:59:19;1731275962.629539;portrait;-0.02398681640625;-0.429229736328125;-0.2531280517578125;
2024-11-10 15:59:19;1731275962.679994;portrait;0.0311737060546875;-0.221588134765625;-0.6149749755859375;
2024-11-10 15:59:19;1731275962.730222;portrait;0.1691131591796875;-0.286956787109375;-0.3773040771484375;
2024-11-10 15:59:19;1731275962.780549;portrait;0.5583038330078125;-0.2955169677734375;-1.2835845947265625;
2024-11-10 15:59:19;1731275962.8308191;portrait;0.2585296630859375;-0.80780029296875;-1.252044677734375;
2024-11-10 15:59:19;1731275962.8809419;portrait;0.2491912841796875;0.060821533203125;-2.3070220947265625;
2024-11-10 15:59:19;1731275962.931292;portrait;-0.2366790771484375;-0.291961669921875;-0.790130615234375;
2024-11-10 15:59:19;1731275962.981532;portrait;-0.2807464599609375;-0.12322998046875;-0.3353729248046875;
2024-11-10 15:59:19;1731275963.031862;portrait;-0.31268310546875;-0.00091552734375;-0.71978759765625;
2024-11-10 15:59:19;1731275963.082659;portrait;-0.332733154296875;-0.0118255615234375;-0.5794830322265625;
2024-11-10 15:59:19;1731275963.132365;portrait;-0.18865966796875;0.14886474609375;-1.3691558837890625;
2024-11-10 15:59:19;1731275963.1828132;portrait;-0.32330322265625;-0.7701416015625;-1.2528839111328125;
2024-11-10 15:59:19;1731275963.234153;portrait;0.0650482177734375;-0.177947998046875;-1.8301544189453125;
2024-11-10 15:59:19;1731275963.284195;portrait;0.0816650390625;-0.3358306884765625;-0.6478729248046875;
2024-11-10 15:59:19;1731275963.334063;portrait;0.073760986328125;-0.3467559814453125;-0.32794189453125;
2024-11-10 15:59:19;1731275963.383697;portrait;0.149505615234375;-0.097564697265625;-0.7862548828125;
2024-11-10 15:59:19;1731275963.433803;portrait;0.2312774658203125;-0.2407989501953125;-0.3385467529296875;
2024-11-10 15:59:19;1731275963.490325;portrait;0.4195404052734375;-0.2593841552734375;-0.9057159423828125;
2024-11-10 15:59:19;1731275963.540464;portrait;0.09686279296875;-0.614349365234375;-1.127105712890625;
2024-11-10 15:59:19;1731275963.591133;portrait;0.2584991455078125;-0.178436279296875;-1.8600006103515625;
2024-11-10 15:59:19;1731275963.639954;portrait;-0.3433990478515625;-0.321868896484375;-1.1091156005859375;
2024-11-10 15:59:19;1731275963.689317;portrait;-0.1762237548828125;-0.0452880859375;-0.487274169921875;
2024-11-10 15:59:19;1731275963.742321;portrait;-0.115386962890625;0.05584716796875;-0.7988433837890625;
2024-11-10 15:59:19;1731275963.7918038;portrait;-0.3363037109375;-0.0527191162109375;-0.572906494140625;
2024-11-10 15:59:19;1731275963.8415508;portrait;-0.405120849609375;0.2477874755859375;-1.2313079833984375;
2024-11-10 15:59:19;1731275963.891428;portrait;-0.0420684814453125;-0.69293212890625;-1.130340576171875;
2024-11-10 15:59:19;1731275963.938565;portrait;-0.045379638671875;-0.395263671875;-1.6555938720703125;
2024-11-10 15:59:19;1731275963.992007;portrait;0.2788848876953125;-0.295013427734375;-1.0059814453125;
2024-11-10 15:59:19;1731275964.04144;portrait;-0.2209014892578125;-0.475189208984375;-0.049102783203125;
2024-11-10 15:59:19;1731275964.0912719;portrait;0.2571258544921875;-0.1673431396484375;-0.8648223876953125;
2024-11-10 15:59:19;1731275964.1425018;portrait;0.128173828125;-0.2954864501953125;-0.6690521240234375;
2024-11-10 15:59:19;1731275964.191325;portrait;0.3997955322265625;-0.2753753662109375;-0.827728271484375;
2024-11-10 15:59:19;1731275964.244382;portrait;0.183258056640625;-0.5350341796875;-1.7038116455078125;
2024-11-10 15:59:19;1731275964.292393;portrait;0.0435943603515625;-0.508331298828125;-1.3144989013671875;
2024-11-10 15:59:19;1731275964.343079;portrait;0.1157379150390625;-0.0739288330078125;-1.5587310791015625;
2024-11-10 15:59:19;1731275964.392632;portrait;-0.196319580078125;-0.186614990234375;-0.3352813720703125;
2024-11-10 15:59:19;1731275964.44353;portrait;-0.1026153564453125;0.1088104248046875;-0.6227264404296875;
2024-11-10 15:59:19;1731275964.4926949;portrait;-0.2642059326171875;0.111785888671875;-0.86053466796875;
2024-11-10 15:59:19;1731275964.542975;portrait;-0.5051727294921875;0.032196044921875;-0.7584381103515625;
2024-11-10 15:59:19;1731275964.592207;portrait;-0.0032501220703125;-0.4756927490234375;-1.6158599853515625;
2024-11-10 15:59:19;1731275964.64341;portrait;0.1560516357421875;-0.500823974609375;-1.5599517822265625;
2024-11-10 15:59:19;1731275964.689364;portrait;0.2149505615234375;-0.3896026611328125;-1.135101318359375;
2024-11-10 15:59:19;1731275964.74047;portrait;-0.1362152099609375;-0.4376373291015625;-0.236846923828125;
2024-11-10 15:59:19;1731275964.790251;portrait;0.22662353515625;-0.1507720947265625;-1.055694580078125;
2024-11-10 15:59:19;1731275964.8407478;portrait;-0.0484771728515625;-0.4045562744140625;-0.347137451171875;
2024-11-10 15:59:19;1731275964.8913221;portrait;0.459381103515625;-0.0612945556640625;-0.8680267333984375;
2024-11-10 15:59:19;1731275964.94109;portrait;0.2438201904296875;-0.4758758544921875;-1.408447265625;
2024-11-10 15:59:19;1731275964.990792;portrait;0.2447509765625;-0.340057373046875;-1.2881011962890625;
2024-11-10 15:59:19;1731275965.0413141;portrait;0.0902557373046875;-0.2079315185546875;-1.3983001708984375;
2024-11-10 15:59:19;1731275965.092255;portrait;-0.3382568359375;-0.2743377685546875;-0.368133544921875;
2024-11-10 15:59:19;1731275965.141926;portrait;-0.0831451416015625;0.07293701171875;-0.94488525390625;
2024-11-10 15:59:19;1731275965.1922522;portrait;-0.27734375;-0.10394287109375;-0.701141357421875;
2024-11-10 15:59:19;1731275965.24244;portrait;-0.237762451171875;0.1497802734375;-1.225341796875;
2024-11-10 15:59:19;1731275965.292715;portrait;0.0732879638671875;-0.4975433349609375;-1.1702117919921875;
2024-11-10 15:59:19;1731275965.3438048;portrait;0.259002685546875;-0.3178863525390625;-1.5281524658203125;
2024-11-10 15:59:19;1731275965.39379;portrait;0.02911376953125;-0.235870361328125;-1.1714019775390625;
2024-11-10 15:59:19;1731275965.443939;portrait;-0.0705413818359375;-0.4271697998046875;-0.292449951171875;
2024-11-10 15:59:19;1731275965.493404;portrait;-0.041778564453125;-0.18182373046875;-0.642181396484375;
2024-11-10 15:59:19;1731275965.5438719;portrait;0.01324462890625;-0.23193359375;-0.6975555419921875;
2024-11-10 15:59:19;1731275965.593977;portrait;0.349212646484375;-0.3034515380859375;-0.954315185546875;
2024-11-10 15:59:19;1731275965.644156;portrait;-0.048614501953125;-0.2813568115234375;-1.4507598876953125;
2024-11-10 15:59:19;1731275965.695129;portrait;0.20391845703125;-0.145263671875;-1.4125213623046875;
2024-11-10 15:59:19;1731275965.746305;portrait;-0.1128082275390625;-0.22991943359375;-1.084075927734375;
2024-11-10 15:59:19;1731275965.800881;portrait;-0.0705718994140625;-0.176513671875;-0.313690185546875;
2024-11-10 15:59:19;1731275965.846118;portrait;-0.0694122314453125;-0.0232086181640625;-0.9826507568359375;
2024-11-10 15:59:19;1731275965.900742;portrait;-0.112091064453125;-0.1329193115234375;-0.725830078125;
2024-11-10 15:59:19;1731275965.951521;portrait;-0.2616119384765625;-0.035797119140625;-1.6560211181640625;
2024-11-10 15:59:19;1731275965.997119;portrait;-0.1663055419921875;-0.624298095703125;-1.028900146484375;
2024-11-10 15:59:19;1731275966.0475779;portrait;0.037841796875;-0.040863037109375;-1.5862579345703125;
2024-11-10 15:59:19;1731275966.0978742;portrait;-0.18670654296875;-0.525634765625;-0.8427581787109375;
2024-11-10 15:59:19;1731275966.148036;portrait;0.199920654296875;-0.3600921630859375;-0.134002685546875;
2024-11-10 15:59:19;1731275966.198122;portrait;-0.018096923828125;-0.2031707763671875;-0.8627166748046875;
2024-11-10 15:59:19;1731275966.2518148;portrait;0.2703704833984375;-0.2053070068359375;-0.315765380859375;
2024-11-10 15:59:19;1731275966.299145;portrait;0.4293975830078125;-0.388275146484375;-1.2812652587890625;
2024-11-10 15:59:19;1731275966.3522902;portrait;0.05877685546875;-0.5309600830078125;-1.02630615234375;
2024-11-10 15:59:19;1731275966.402678;portrait;0.3153533935546875;0.00543212890625;-1.7477874755859375;
2024-11-10 15:59:19;1731275966.452801;portrait;-0.2364501953125;-0.2783355712890625;-0.84552001953125;
2024-11-10 15:59:19;1731275966.5030599;portrait;-0.226837158203125;-0.1611328125;-0.298797607421875;
2024-11-10 15:59:19;1731275966.553936;portrait;-0.1282958984375;0.0712127685546875;-0.754180908203125;
2024-11-10 15:59:19;1731275966.603255;portrait;-0.3423919677734375;-0.0460052490234375;-0.8031005859375;
2024-11-10 15:59:19;1731275966.654073;portrait;-0.25628662109375;0.0296783447265625;-1.55615234375;
2024-11-10 15:59:19;1731275966.704067;portrait;0.0337066650390625;-0.8209228515625;-1.149078369140625;
2024-11-10 15:59:19;1731275966.754163;portrait;0.0347900390625;-0.1377410888671875;-2.0466766357421875;
2024-11-10 15:59:19;1731275966.804035;portrait;-0.1680145263671875;-0.5812225341796875;-0.302642822265625;
2024-11-10 15:59:19;1731275966.856178;portrait;0.100982666015625;-0.3692779541015625;-0.2178955078125;
2024-11-10 15:59:19;1731275966.904192;portrait;0.0237884521484375;-0.2123260498046875;-0.8759307861328125;
2024-11-10 15:59:19;1731275966.95115;portrait;0.2071533203125;-0.25335693359375;-0.3269805908203125;
2024-11-10 15:59:19;1731275967.00138;portrait;0.52490234375;-0.320556640625;-1.594329833984375;
2024-11-10 15:59:19;1731275967.050873;portrait;0.3312530517578125;-0.6043701171875;-1.024658203125;
2024-11-10 15:59:19;1731275967.101155;portrait;0.2784423828125;0.0579681396484375;-1.905487060546875;
2024-11-10 15:59:19;1731275967.152186;portrait;-0.1183929443359375;-0.4613494873046875;-0.4211883544921875;
2024-11-10 15:59:19;1731275967.202317;portrait;-0.28704833984375;-0.161529541015625;-0.54742431640625;
2024-11-10 15:59:19;1731275967.25213;portrait;-0.3733978271484375;0.048614501953125;-0.9963531494140625;
2024-11-10 15:59:19;1731275967.302386;portrait;-0.635406494140625;0.1856842041015625;-0.5894775390625;
2024-11-10 15:59:19;1731275967.353158;portrait;-0.206878662109375;0.115020751953125;-1.8609466552734375;
2024-11-10 15:59:19;1731275967.402806;portrait;0.0330352783203125;-1.063934326171875;-0.497039794921875;
2024-11-10 15:59:19;1731275967.4535131;portrait;0.4107818603515625;-0.066986083984375;-1.837615966796875;
2024-11-10 15:59:19;1731275967.503933;portrait;-0.2353057861328125;-0.64227294921875;-0.4622650146484375;
2024-11-10 15:59:19;1731275967.553999;portrait;0.33258056640625;-0.3399658203125;-0.2099609375;
2024-11-10 15:59:19;1731275967.6035562;portrait;-0.0490264892578125;-0.286407470703125;-0.8126068115234375;
2024-11-10 15:59:19;1731275967.653932;portrait;0.3890533447265625;-0.25079345703125;-0.613861083984375;
2024-11-10 15:59:19;1731275967.7041202;portrait;0.4946136474609375;-0.231781005859375;-1.5948944091796875;
2024-11-10 15:59:19;1731275967.7543101;portrait;0.1582183837890625;-0.6161651611328125;-1.186981201171875;
2024-11-10 15:59:19;1731275967.804842;portrait;0.30780029296875;-0.0634918212890625;-1.6964111328125;
2024-11-10 15:59:19;1731275967.854735;portrait;-0.16217041015625;-0.2795867919921875;-0.61846923828125;
2024-11-10 15:59:19;1731275967.904983;portrait;-0.184722900390625;0.0348968505859375;-0.5157928466796875;
2024-11-10 15:59:19;1731275967.955412;portrait;-0.3495025634765625;0.050140380859375;-0.6771087646484375;
2024-11-10 15:59:19;1731275968.005765;portrait;-0.404815673828125;0.170318603515625;-0.6601409912109375;
2024-11-10 15:59:19;1731275968.0559301;portrait;-0.1407470703125;-0.0499114990234375;-1.9187469482421875;
2024-11-10 15:59:19;1731275968.1060371;portrait;-0.104583740234375;-0.9234161376953125;-0.8625946044921875;
2024-11-10 15:59:19;1731275968.156204;portrait;0.25982666015625;0.0134124755859375;-1.785430908203125;
2024-11-10 15:59:19;1731275968.208334;portrait;-0.1266632080078125;-0.51239013671875;-0.1489410400390625;
2024-11-10 15:59:19;1731275968.260422;portrait;0.1828155517578125;-0.259735107421875;-0.5821533203125;
2024-11-10 15:59:19;1731275968.309495;portrait;0.06109619140625;-0.2466583251953125;-0.939422607421875;
2024-11-10 15:59:19;1731275968.360482;portrait;0.2691650390625;-0.1647186279296875;-0.5661773681640625;
2024-11-10 15:59:19;1731275968.4101171;portrait;0.24798583984375;-0.113739013671875;-1.583404541015625;
2024-11-10 15:59:19;1731275968.4577441;portrait;0.1393890380859375;-0.580596923828125;-1.299713134765625;
2024-11-10 15:59:19;1731275968.512803;portrait;0.2310333251953125;-0.1016082763671875;-1.3427886962890625;
2024-11-10 15:59:19;1731275968.56371;portrait;-0.13201904296875;-0.3148956298828125;-0.37701416015625;
2024-11-10 15:59:19;1731275968.6130161;portrait;-0.238739013671875;-0.0446319580078125;-0.718841552734375;
2024-11-10 15:59:19;1731275968.658983;portrait;-0.223236083984375;0.0914154052734375;-0.885040283203125;
2024-11-10 15:59:19;1731275968.7130919;portrait;-0.45562744140625;0.2295074462890625;-0.741241455078125;
2024-11-10 15:59:19;1731275968.765627;portrait;0.0470733642578125;-0.062530517578125;-1.8485565185546875;
2024-11-10 15:59:19;1731275968.8138108;portrait;-0.065399169921875;-0.9400177001953125;-1.058563232421875;
2024-11-10 15:59:19;1731275968.863874;portrait;0.261688232421875;-0.122161865234375;-1.5704345703125;
2024-11-10 15:59:19;1731275968.91207;portrait;-0.15826416015625;-0.4839019775390625;-0.3358306884765625;
2024-11-10 15:59:19;1731275968.964071;portrait;0.2464447021484375;-0.0993804931640625;-0.6187286376953125;
2024-11-10 15:59:19;1731275969.012014;portrait;0.05914306640625;-0.231719970703125;-0.544525146484375;
2024-11-10 15:59:19;1731275969.063546;portrait;0.3169403076171875;-0.1738433837890625;-0.5965576171875;
2024-11-10 15:59:19;1731275969.116317;portrait;0.304473876953125;-0.1839447021484375;-1.66168212890625;
2024-11-10 15:59:19;1731275969.162766;portrait;0.198883056640625;-0.6754608154296875;-1.10223388671875;
2024-11-10 15:59:19;1731275969.214819;portrait;0.3752899169921875;0.1485443115234375;-2.052337646484375;
2024-11-10 15:59:19;1731275969.263499;portrait;-0.30609130859375;-0.2934417724609375;-0.5518035888671875;
2024-11-10 15:59:19;1731275969.3136249;portrait;-0.1968536376953125;-0.029296875;-0.41015625;
2024-11-10 15:59:19;1731275969.362067;portrait;-0.4519500732421875;-0.0565032958984375;-0.5866241455078125;
2024-11-10 15:59:19;1731275969.412869;portrait;-0.4129486083984375;0.16455078125;-0.7240447998046875;
2024-11-10 15:59:19;1731275969.463201;portrait;-0.1036529541015625;-0.328826904296875;-1.430084228515625;
2024-11-10 15:59:19;1731275969.5133882;portrait;0.10296630859375;-0.4481353759765625;-1.6639862060546875;
2024-11-10 15:59:19;1731275969.5637732;portrait;-0.047515869140625;-0.330963134765625;-1.2931671142578125;
2024-11-10 15:59:19;1731275969.613768;portrait;0.133697509765625;-0.412506103515625;0.0167083740234375;
2024-11-10 15:59:19;1731275969.664412;portrait;0.067718505859375;-0.1979827880859375;-0.6930999755859375;
2024-11-10 15:59:19;1731275969.714479;portrait;0.20465087890625;-0.201568603515625;-0.743560791015625;
2024-11-10 15:59:19;1731275969.763901;portrait;0.392303466796875;-0.149078369140625;-0.87445068359375;
2024-11-10 15:59:19;1731275969.814968;portrait;0.288665771484375;-0.394073486328125;-1.4131011962890625;
2024-11-10 15:59:19;1731275969.865168;portrait;0.2250518798828125;0.0328826904296875;-1.98480224609375;
2024-11-10 15:59:19;1731275969.916225;portrait;0.140838623046875;-0.1574859619140625;-1.385711669921875;
2024-11-10 15:59:19;1731275969.966537;portrait;-0.09808349609375;-0.2977752685546875;-0.29937744140625;
2024-11-10 15:59:19;1731275970.01656;portrait;-0.46441650390625;0.006072998046875;-0.7535858154296875;
2024-11-10 15:59:19;1731275970.066819;portrait;-0.2716827392578125;0.1218719482421875;-0.755279541015625;
2024-11-10 15:59:19;1731275970.116109;portrait;-0.71453857421875;0.21185302734375;-1.147247314453125;
2024-11-10 15:59:19;1731275970.166727;portrait;-0.0867462158203125;-0.3474273681640625;-1.2142181396484375;
2024-11-10 15:59:19;1731275970.21693;portrait;-0.051727294921875;-0.7106170654296875;-1.1517181396484375;
2024-11-10 15:59:19;1731275970.266406;portrait;0.4148406982421875;-0.10858154296875;-1.47772216796875;
2024-11-10 15:59:19;1731275970.316555;portrait;-0.060394287109375;-0.5243988037109375;0.108734130859375;
2024-11-10 15:59:19;1731275970.366931;portrait;0.2595062255859375;-0.188812255859375;-0.5149993896484375;
2024-11-10 15:59:19;1731275970.4170299;portrait;0.350433349609375;-0.2070465087890625;-0.6063232421875;
2024-11-10 15:59:19;1731275970.467233;portrait;0.41851806640625;-0.232025146484375;-0.87640380859375;
2024-11-10 15:59:19;1731275970.51939;portrait;0.3145751953125;-0.483367919921875;-1.4818115234375;
2024-11-10 15:59:19;1731275970.572027;portrait;0.22235107421875;-0.2272491455078125;-1.8664093017578125;
2024-11-10 15:59:19;1731275970.6226568;portrait;-0.0664825439453125;-0.338836669921875;-1.3922576904296875;
2024-11-10 15:59:19;1731275970.672548;portrait;-0.220672607421875;-0.21624755859375;-0.382568359375;
2024-11-10 15:59:19;1731275970.7235122;portrait;-0.36651611328125;0.0544586181640625;-1.220062255859375;
2024-11-10 15:59:19;1731275970.773714;portrait;-0.1388397216796875;0.0013427734375;-0.5093841552734375;
2024-11-10 15:59:19;1731275970.8237062;portrait;-0.6715087890625;0.1098480224609375;-0.830535888671875;
2024-11-10 15:59:19;1731275970.873744;portrait;0.2233123779296875;-0.5287628173828125;-1.3347015380859375;
2024-11-10 15:59:19;1731275970.924411;portrait;-0.2107086181640625;-0.436767578125;-1.7241668701171875;
2024-11-10 15:59:19;1731275970.976214;portrait;0.0586090087890625;-0.38592529296875;-0.8842620849609375;
2024-11-10 15:59:19;1731275971.0245728;portrait;-0.06329345703125;-0.5270843505859375;-0.006011962890625;
2024-11-10 15:59:19;1731275971.0746431;portrait;0.1085968017578125;-0.1781158447265625;-0.67669677734375;
2024-11-10 15:59:19;1731275971.1260328;portrait;0.1897735595703125;-0.2225341796875;-0.192535400390625;
2024-11-10 15:59:19;1731275971.170611;portrait;0.3700103759765625;-0.27862548828125;-0.79736328125;
2024-11-10 15:59:19;1731275971.2267752;portrait;0.1976318359375;-0.7500152587890625;-1.1745452880859375;
2024-11-10 15:59:19;1731275971.2708359;portrait;0.302490234375;-0.2142333984375;-2.21453857421875;
2024-11-10 15:59:19;1731275971.3227491;portrait;-0.0750732421875;-0.3333740234375;-1.48138427734375;
2024-11-10 15:59:19;1731275971.3731399;portrait;-0.18414306640625;-0.3028717041015625;-0.2804412841796875;
2024-11-10 15:59:19;1731275971.427332;portrait;-0.2373046875;-0.000640869140625;-0.645111083984375;
2024-11-10 15:59:19;1731275971.473378;portrait;-0.3396148681640625;0.014923095703125;-0.6151123046875;
2024-11-10 15:59:19;1731275971.526603;portrait;-0.6258087158203125;0.1936492919921875;-0.9551849365234375;
2024-11-10 15:59:19;1731275971.578125;portrait;-0.2020416259765625;-0.3571014404296875;-1.4251708984375;
2024-11-10 15:59:19;1731275971.623528;portrait;0.192108154296875;-0.6227569580078125;-1.10821533203125;
2024-11-10 15:59:19;1731275971.673833;portrait;0.3845367431640625;-0.2879180908203125;-1.50469970703125;
2024-11-10 15:59:19;1731275971.7237902;portrait;-0.147247314453125;-0.572998046875;-0.2466278076171875;
2024-11-10 15:59:19;1731275971.774342;portrait;0.1809844970703125;-0.33624267578125;-0.5712890625;
2024-11-10 15:59:19;1731275971.824383;portrait;0.3174285888671875;-0.335601806640625;-0.5856475830078125;
2024-11-10 15:59:19;1731275971.874679;portrait;0.3968353271484375;-0.2427520751953125;-0.9897918701171875;
2024-11-10 15:59:19;1731275971.925941;portrait;0.133392333984375;-0.49969482421875;-1.512969970703125;
2024-11-10 15:59:19;1731275971.9749079;portrait;0.2214813232421875;0.0136871337890625;-2.39300537109375;
2024-11-10 15:59:19;1731275972.026462;portrait;0.029083251953125;-0.243499755859375;-1.1273345947265625;
2024-11-10 15:59:19;1731275972.076634;portrait;-0.1192779541015625;-0.2829132080078125;-0.1511688232421875;
2024-11-10 15:59:19;1731275972.126848;portrait;-0.4287567138671875;0.0457000732421875;-0.51617431640625;
2024-11-10 15:59:19;1731275972.176641;portrait;-0.4822845458984375;0.06488037109375;-0.645263671875;
2024-11-10 15:59:19;1731275972.2258248;portrait;-0.578399658203125;0.254058837890625;-1.106170654296875;
2024-11-10 15:59:19;1731275972.275842;portrait;-0.102325439453125;-0.385528564453125;-1.04913330078125;
2024-11-10 15:59:19;1731275972.32624;portrait;0.106414794921875;-0.3028717041015625;-1.7550506591796875;
2024-11-10 15:59:19;1731275972.376439;portrait;0.2158203125;-0.363067626953125;-1.12127685546875;
2024-11-10 15:59:19;1731275972.4270968;portrait;-0.15252685546875;-0.770538330078125;-0.0445098876953125;
2024-11-10 15:59:19;1731275972.4768891;portrait;0.1790313720703125;-0.34307861328125;-0.76580810546875;
2024-11-10 15:59:19;1731275972.527787;portrait;0.330963134765625;-0.238739013671875;-0.5982208251953125;
2024-11-10 15:59:19;1731275972.578136;portrait;0.521087646484375;-0.1334991455078125;-1.1389312744140625;
2024-11-10 15:59:19;1731275972.627953;portrait;0.321685791015625;-0.55279541015625;-1.249481201171875;
2024-11-10 15:59:19;1731275972.678482;portrait;0.0675201416015625;0.1369476318359375;-2.3623199462890625;
2024-11-10 15:59:19;1731275972.73294;portrait;0.0240020751953125;-0.285888671875;-0.9853515625;
2024-11-10 15:59:19;1731275972.78333;portrait;-0.1810455322265625;-0.171600341796875;-0.325439453125;
2024-11-10 15:59:19;1731275972.8333569;portrait;-0.4082489013671875;0.1121063232421875;-0.7361297607421875;
2024-11-10 15:59:19;1731275972.884191;portrait;-0.4812164306640625;0.1325836181640625;-0.606903076171875;
2024-11-10 15:59:19;1731275972.930338;portrait;-0.8142547607421875;0.3141021728515625;-1.1947021484375;
2024-11-10 15:59:19;1731275972.9831572;portrait;0.0117034912109375;-0.1845855712890625;-1.2030792236328125;
2024-11-10 15:59:19;1731275973.034402;portrait;0.1464996337890625;-0.5359954833984375;-0.899688720703125;
2024-11-10 15:59:19;1731275973.079731;portrait;0.3117218017578125;-0.1380157470703125;-1.5049285888671875;
2024-11-10 15:59:19;1731275973.133599;portrait;-0.1249847412109375;-0.72039794921875;0.0817413330078125;
2024-11-10 15:59:19;1731275973.185554;portrait;0.26788330078125;-0.299407958984375;-0.8612060546875;
2024-11-10 15:59:19;1731275973.230416;portrait;0.41632080078125;-0.2452239990234375;-0.7749176025390625;
2024-11-10 15:59:19;1731275973.286526;portrait;0.4996337890625;-0.2164459228515625;-0.879852294921875;
2024-11-10 15:59:19;1731275973.337081;portrait;0.4272003173828125;-0.3118743896484375;-1.6701202392578125;
2024-11-10 15:59:19;1731275973.386963;portrait;0.0368804931640625;-0.0933990478515625;-1.859283447265625;
2024-11-10 15:59:19;1731275973.436985;portrait;0.0941009521484375;-0.1588592529296875;-1.387298583984375;
2024-11-10 15:59:19;1731275973.4873939;portrait;-0.3604736328125;-0.1604156494140625;-0.41326904296875;
2024-11-10 15:59:19;1731275973.536946;portrait;-0.4525299072265625;0.0509185791015625;-0.4796600341796875;
2024-11-10 15:59:19;1731275973.587981;portrait;-0.6526031494140625;0.1916046142578125;-0.6873779296875;
2024-11-10 15:59:19;1731275973.632381;portrait;-0.7052764892578125;0.3428192138671875;-1.255767822265625;
2024-11-10 15:59:19;1731275973.682598;portrait;-0.164764404296875;-0.4330291748046875;-0.7541961669921875;
2024-11-10 15:59:19;1731275973.738988;portrait;0.26922607421875;-0.1035614013671875;-1.5920562744140625;
2024-11-10 15:59:19;1731275973.7894201;portrait;0.096649169921875;-0.44232177734375;-1.1928253173828125;
2024-11-10 15:59:19;1731275973.838897;portrait;0.078521728515625;-0.71734619140625;0.05450439453125;
2024-11-10 15:59:19;1731275973.889408;portrait;0.2743682861328125;-0.270751953125;-1.0385894775390625;
2024-11-10 15:59:19;1731275973.9345798;portrait;0.250030517578125;-0.3084869384765625;-0.5096282958984375;
2024-11-10 15:59:19;1731275973.984651;portrait;0.44732666015625;-0.1876678466796875;-1.1562652587890625;
2024-11-10 15:59:19;1731275974.03506;portrait;0.2545013427734375;-0.55572509765625;-1.3725128173828125;
2024-11-10 15:59:19;1731275974.0853271;portrait;0.1273193359375;0.1513824462890625;-2.0716400146484375;
2024-11-10 15:59:19;1731275974.136397;portrait;0.0477447509765625;-0.17236328125;-1.0072784423828125;
2024-11-10 15:59:19;1731275974.1868901;portrait;-0.3553009033203125;-0.2021331787109375;-0.2725372314453125;
2024-11-10 15:59:19;1731275974.236803;portrait;-0.5076904296875;0.116180419921875;-0.76953125;
2024-11-10 15:59:19;1731275974.286747;portrait;-0.8012847900390625;0.1643218994140625;-0.6318206787109375;
2024-11-10 15:59:19;1731275974.336755;portrait;-0.708465576171875;0.074920654296875;-1.2599945068359375;
2024-11-10 15:59:19;1731275974.386812;portrait;-0.506927490234375;-0.9662017822265625;-1.1767578125;
2024-11-10 15:59:19;1731275974.436861;portrait;0.491363525390625;-0.0912017822265625;-1.941619873046875;
2024-11-10 15:59:19;1731275974.486592;portrait;0.020294189453125;-0.6595458984375;-0.4029998779296875;
2024-11-10 15:59:19;1731275974.536627;portrait;0.5869293212890625;-0.13238525390625;-0.1566925048828125;
2024-11-10 15:59:19;1731275974.587683;portrait;0.41851806640625;-0.050994873046875;-0.9041748046875;
2024-11-10 15:59:19;1731275974.637919;portrait;0.6874237060546875;-0.1396484375;-0.3959503173828125;
2024-11-10 15:59:19;1731275974.688245;portrait;0.364837646484375;-0.4241485595703125;-1.3884124755859375;
2024-11-10 15:59:19;1731275974.7381759;portrait;-0.102691650390625;-0.6797332763671875;-0.96923828125;
2024-11-10 15:59:19;1731275974.78859;portrait;0.1458282470703125;0.0262298583984375;-2.3323516845703125;
2024-11-10 15:59:19;1731275974.838836;portrait;-0.4429473876953125;-0.440338134765625;-0.783905029296875;
2024-11-10 15:59:19;1731275974.889102;portrait;-0.2875518798828125;0.1117401123046875;-0.30877685546875;
2024-11-10 15:59:19;1731275974.939153;portrait;-0.4333648681640625;0.022918701171875;-0.7186431884765625;
2024-11-10 15:59:19;1731275974.989718;portrait;-0.474395751953125;-0.029388427734375;-0.4657135009765625;
2024-11-10 15:59:19;1731275975.0396361;portrait;-0.55499267578125;-0.178375244140625;-1.11480712890625;
2024-11-10 15:59:19;1731275975.0898829;portrait;0.0403900146484375;-0.827423095703125;-1.1031036376953125;
2024-11-10 15:59:19;1731275975.1439881;portrait;-0.22247314453125;-0.425262451171875;-2.3165740966796875;
2024-11-10 15:59:19;1731275975.1945019;portrait;-0.100372314453125;-0.6573638916015625;-0.4128875732421875;
2024-11-10 15:59:19;1731275975.2452478;portrait;0.1581878662109375;-0.3653717041015625;-0.1536407470703125;
2024-11-10 15:59:19;1731275975.290319;portrait;0.010040283203125;-0.167816162109375;-0.645751953125;
2024-11-10 15:59:19;1731275975.345069;portrait;0.3921661376953125;-0.1662750244140625;-0.26153564453125;
2024-11-10 15:59:19;1731275975.396925;portrait;0.4336395263671875;-0.345428466796875;-1.20086669921875;
2024-11-10 15:59:19;1731275975.446371;portrait;0.1617279052734375;-0.8056640625;-1.1407470703125;
2024-11-10 15:59:19;1731275975.496035;portrait;0.463165283203125;-0.078704833984375;-2.21380615234375;
2024-11-10 15:59:19;1731275975.5464869;portrait;-0.102386474609375;-0.4468994140625;-0.820648193359375;
2024-11-10 15:59:19;1731275975.597338;portrait;-0.3391265869140625;-0.1244354248046875;-0.5163726806640625;
2024-11-10 15:59:19;1731275975.64727;portrait;-0.5917510986328125;0.01171875;-0.5843963623046875;
2024-11-10 15:59:19;1731275975.6980438;portrait;-0.59326171875;0.17877197265625;-0.7259979248046875;
2024-11-10 15:59:19;1731275975.748117;portrait;-0.7843170166015625;0.092041015625;-1.431488037109375;
2024-11-10 15:59:19;1731275975.7976131;portrait;0.160064697265625;-1.0192108154296875;-0.3046875;
2024-11-10 15:59:19;1731275975.848168;portrait;0.1560821533203125;-0.069610595703125;-2.4980926513671875;
2024-11-10 15:59:19;1731275975.898099;portrait;-0.000457763671875;-0.752593994140625;-0.569854736328125;
2024-11-10 15:59:19;1731275975.9441261;portrait;0.0370025634765625;-0.55035400390625;-0.07110595703125;
2024-11-10 15:59:19;1731275975.9992042;portrait;0.2164459228515625;-0.3311767578125;-0.82940673828125;
2024-11-10 15:59:19;1731275976.049684;portrait;0.5124053955078125;-0.2418365478515625;-0.575042724609375;
2024-11-10 15:59:19;1731275976.100296;portrait;0.508026123046875;-0.215545654296875;-1.2552947998046875;
2024-11-10 15:59:19;1731275976.150209;portrait;0.2077789306640625;-0.6629486083984375;-1.16796875;
2024-11-10 15:59:19;1731275976.200265;portrait;0.279998779296875;0.2381591796875;-2.4823150634765625;
2024-11-10 15:59:19;1731275976.24853;portrait;0.0378265380859375;-0.3275604248046875;-0.8004302978515625;
2024-11-10 15:59:19;1731275976.296348;portrait;-0.3836517333984375;-0.0995330810546875;-0.712860107421875;
2024-11-10 15:59:19;1731275976.346696;portrait;-0.6442413330078125;-0.000946044921875;-0.479278564453125;
2024-11-10 15:59:19;1731275976.3962932;portrait;-0.7642669677734375;0.17877197265625;-0.3959197998046875;
2024-11-10 15:59:19;1731275976.446433;portrait;-0.6565093994140625;0.3715667724609375;-1.40020751953125;
2024-11-10 15:59:19;1731275976.4965692;portrait;-0.066192626953125;-0.65185546875;-0.62103271484375;
2024-11-10 15:59:19;1731275976.547045;portrait;0.2894134521484375;-0.0571441650390625;-2.166412353515625;
2024-11-10 15:59:19;1731275976.597151;portrait;0.190673828125;-0.63323974609375;-0.8917694091796875;
2024-11-10 15:59:19;1731275976.647434;portrait;-0.259857177734375;-0.8097381591796875;0.018829345703125;
2024-11-10 15:59:19;1731275976.6976352;portrait;0.462310791015625;-0.2584991455078125;-0.943328857421875;
2024-11-10 15:59:19;1731275976.747982;portrait;0.419281005859375;-0.3633270263671875;-0.368988037109375;
2024-11-10 15:59:19;1731275976.798192;portrait;0.5889892578125;-0.29229736328125;-0.83294677734375;
2024-11-10 15:59:19;1731275976.848394;portrait;0.283203125;-0.9733734130859375;-1.3449249267578125;
2024-11-10 15:59:19;1731275976.89887;portrait;0.1898040771484375;0.493194580078125;-3.5313720703125;
2024-11-10 15:59:19;1731275976.948864;portrait;0.0229339599609375;-0.4202728271484375;-1.1170196533203125;
2024-11-10 15:59:19;1731275976.999213;portrait;-0.1803741455078125;0.0350189208984375;-0.42572021484375;
2024-11-10 15:59:19;1731275977.049292;portrait;-0.5447540283203125;0.2090911865234375;-0.199798583984375;
2024-11-10 15:59:19;1731275977.0996618;portrait;-0.4058074951171875;0.3319244384765625;-0.052734375;
2024-11-10 15:59:19;1731275977.149739;portrait;-0.424102783203125;0.0294647216796875;-0.6627197265625;
2024-11-10 15:59:19;1731275977.199837;portrait;-0.1993560791015625;-0.980438232421875;-1.0690155029296875;
2024-11-10 15:59:19;1731275977.249815;portrait;0.1316375732421875;-0.4063262939453125;-2.36541748046875;
2024-11-10 15:59:19;1731275977.300808;portrait;0.1137847900390625;-0.59564208984375;-0.6990509033203125;
2024-11-10 15:59:19;1731275977.3507118;portrait;-0.20220947265625;-0.6778717041015625;-0.21441650390625;
2024-11-10 15:59:19;1731275977.40085;portrait;0.2451629638671875;-0.2092132568359375;-0.49346923828125;
2024-11-10 15:59:19;1731275977.455282;portrait;0.1265716552734375;-0.24853515625;-0.2020263671875;
2024-11-10 15:59:19;1731275977.505588;portrait;0.397857666015625;-0.2597808837890625;-0.91143798828125;
2024-11-10 15:59:19;1731275977.5561361;portrait;0.1636199951171875;-0.8142242431640625;-1.014373779296875;
2024-11-10 15:59:19;1731275977.60608;portrait;0.4350433349609375;-0.2426300048828125;-2.466033935546875;
2024-11-10 15:59:19;1731275977.6575599;portrait;-0.0847015380859375;-0.360992431640625;-1.4130096435546875;
2024-11-10 15:59:19;1731275977.706619;portrait;-0.1165008544921875;-0.05841064453125;-0.4137725830078125;
2024-11-10 15:59:19;1731275977.7562041;portrait;-0.58990478515625;0.04766845703125;-0.3319549560546875;
2024-11-10 15:59:19;1731275977.806885;portrait;-0.657440185546875;0.0597076416015625;-0.46337890625;
2024-11-10 15:59:19;1731275977.857912;portrait;-0.8764801025390625;0.2321929931640625;-1.438232421875;
2024-11-10 15:59:19;1731275977.908747;portrait;-0.2673187255859375;-0.6313934326171875;-0.8100738525390625;
2024-11-10 15:59:19;1731275977.958854;portrait;0.1988372802734375;-0.4264373779296875;-2.4525909423828125;
2024-11-10 15:59:19;1731275978.008246;portrait;0.1457977294921875;-0.6249237060546875;-0.7928924560546875;
2024-11-10 15:59:19;1731275978.059321;portrait;0.0712127685546875;-0.6285400390625;0.19476318359375;
2024-11-10 15:59:19;1731275978.108599;portrait;0.3438720703125;-0.3742523193359375;-0.7877960205078125;
2024-11-10 15:59:19;1731275978.1601381;portrait;0.433929443359375;-0.256561279296875;-0.2963409423828125;
2024-11-10 15:59:19;1731275978.210258;portrait;0.5798797607421875;-0.1911468505859375;-0.8062744140625;
2024-11-10 15:59:19;1731275978.259077;portrait;0.437286376953125;-1.0844268798828125;-1.2589263916015625;
2024-11-10 15:59:19;1731275978.309726;portrait;0.316436767578125;0.186248779296875;-2.9195098876953125;
2024-11-10 15:59:19;1731275978.360795;portrait;-0.14569091796875;-0.638092041015625;-0.6212615966796875;
2024-11-10 15:59:19;1731275978.4100251;portrait;-0.58477783203125;-0.2203521728515625;-0.5111541748046875;
2024-11-10 15:59:19;1731275978.460993;portrait;-0.427093505859375;0.0927886962890625;-0.981597900390625;
2024-11-10 15:59:19;1731275978.5100899;portrait;-0.868804931640625;0.119720458984375;-0.3285064697265625;
2024-11-10 15:59:19;1731275978.5609698;portrait;-0.6427154541015625;0.354339599609375;-1.718170166015625;
2024-11-10 15:59:19;1731275978.606948;portrait;-0.3763580322265625;-0.7944793701171875;-0.348114013671875;
2024-11-10 15:59:19;1731275978.6571379;portrait;0.2325897216796875;-0.0649566650390625;-2.116973876953125;
2024-11-10 15:59:19;1731275978.707341;portrait;0.0306549072265625;-0.5499725341796875;-0.7175445556640625;
2024-11-10 15:59:19;1731275978.7575068;portrait;-0.179443359375;-0.564361572265625;0.1833038330078125;
2024-11-10 15:59:19;1731275978.807883;portrait;0.1239471435546875;-0.307403564453125;-0.9910125732421875;
2024-11-10 15:59:19;1731275978.858;portrait;0.2172088623046875;-0.370361328125;-0.08551025390625;
2024-11-10 15:59:19;1731275978.9083261;portrait;0.490234375;-0.313720703125;-1.0505828857421875;
2024-11-10 15:59:19;1731275978.958284;portrait;-0.0201873779296875;-0.8901824951171875;-0.8064117431640625;
2024-11-10 15:59:19;1731275979.008944;portrait;0.3631134033203125;-0.011199951171875;-2.8062744140625;
2024-11-10 15:59:19;1731275979.05895;portrait;-0.3224029541015625;-0.5549468994140625;-0.680206298828125;
2024-11-10 15:59:19;1731275979.10928;portrait;-0.2841339111328125;0.035003662109375;-0.21746826171875;
2024-11-10 15:59:19;1731275979.159439;portrait;-0.43060302734375;0.1689605712890625;-1.1708221435546875;
2024-11-10 15:59:19;1731275979.209803;portrait;-0.57958984375;-0.0099639892578125;-0.4676055908203125;
2024-11-10 15:59:19;1731275979.2600908;portrait;-0.5970458984375;0.0698699951171875;-0.873138427734375;
2024-11-10 15:59:19;1731275979.31021;portrait;-0.265594482421875;-0.655914306640625;-1.2947540283203125;
2024-11-10 15:59:19;1731275979.3604321;portrait;-0.0061492919921875;-0.698944091796875;-1.3477630615234375;
2024-11-10 15:59:19;1731275979.4106998;portrait;0.3084716796875;-0.2884674072265625;-1.4639434814453125;
2024-11-10 15:59:19;1731275979.4608011;portrait;-0.3132476806640625;-0.73974609375;0.0207061767578125;
2024-11-10 15:59:19;1731275979.5112529;portrait;0.07745361328125;-0.3107452392578125;-0.46380615234375;
2024-11-10 15:59:19;1731275979.561431;portrait;0.14739990234375;-0.2399749755859375;-0.4520263671875;
2024-11-10 15:59:19;1731275979.611609;portrait;0.1887359619140625;-0.234771728515625;-0.4925689697265625;
2024-11-10 15:59:19;1731275979.6619549;portrait;0.4188079833984375;-0.6507415771484375;-1.3914337158203125;
2024-11-10 15:59:19;1731275979.712089;portrait;0.101776123046875;-0.6536712646484375;-1.7793731689453125;
2024-11-10 15:59:19;1731275979.7673721;portrait;0.2309722900390625;-0.3179931640625;-1.5835418701171875;
2024-11-10 15:59:19;1731275979.816877;portrait;-0.1625213623046875;-0.3229522705078125;-0.3875579833984375;
2024-11-10 15:59:19;1731275979.867539;portrait;-0.4334564208984375;-0.0630035400390625;-0.5953369140625;
2024-11-10 15:59:19;1731275979.9166021;portrait;-0.260345458984375;-0.0332183837890625;-0.6153411865234375;
2024-11-10 15:59:19;1731275979.967012;portrait;-0.6412200927734375;0.1665496826171875;-0.8391265869140625;
2024-11-10 15:59:19;1731275980.0177379;portrait;-0.0941162109375;-0.359771728515625;-1.1333465576171875;
2024-11-10 15:59:19;1731275980.06863;portrait;-0.348114013671875;-0.193939208984375;-2.517486572265625;
2024-11-10 15:59:19;1731275980.119491;portrait;-0.1888580322265625;-0.4825592041015625;-1.0720367431640625;
2024-11-10 15:59:19;1731275980.1695151;portrait;0.0827789306640625;-0.529052734375;0.0096588134765625;
2024-11-10 15:59:19;1731275980.21979;portrait;0.0081329345703125;-0.3937835693359375;-0.6793212890625;
2024-11-10 15:59:19;1731275980.270127;portrait;0.2249908447265625;-0.3203125;-0.3221282958984375;
2024-11-10 15:59:19;1731275980.320339;portrait;0.5371856689453125;-0.216796875;-0.376373291015625;
2024-11-10 15:59:19;1731275980.371078;portrait;0.3852386474609375;-0.6350555419921875;-1.2897491455078125;
2024-11-10 15:59:19;1731275980.4204512;portrait;0.331512451171875;-0.37017822265625;-2.0908966064453125;
2024-11-10 15:59:19;1731275980.4709969;portrait;0.1317901611328125;-0.2994537353515625;-1.6272430419921875;
2024-11-10 15:59:19;1731275980.520547;portrait;0.0191192626953125;-0.315643310546875;-0.54852294921875;
2024-11-10 15:59:19;1731275980.568808;portrait;-0.406951904296875;-0.067657470703125;-0.5615234375;
2024-11-10 15:59:19;1731275980.620908;portrait;-0.6567230224609375;0.029022216796875;-0.6080322265625;
2024-11-10 15:59:19;1731275980.670255;portrait;-0.7588348388671875;0.22235107421875;-0.6484375;
2024-11-10 15:59:19;1731275980.7209458;portrait;-0.373504638671875;-0.1178131103515625;-1.28179931640625;
2024-11-10 15:59:19;1731275980.771617;portrait;0.3374481201171875;-0.385498046875;-1.445892333984375;
2024-11-10 15:59:19;1731275980.821126;portrait;-0.0214080810546875;-0.1284942626953125;-2.1525115966796875;
2024-11-10 15:59:19;1731275980.8714871;portrait;-0.0647735595703125;-0.7436676025390625;0.053680419921875;
2024-11-10 15:59:19;1731275980.917906;portrait;0.09759521484375;-0.4193572998046875;-0.4764404296875;
2024-11-10 15:59:19;1731275980.968015;portrait;0.3244476318359375;-0.306304931640625;-0.4449310302734375;
2024-11-10 15:59:19;1731275981.018368;portrait;0.5178680419921875;-0.203948974609375;-0.48663330078125;
2024-11-10 15:59:19;1731275981.068769;portrait;0.6659393310546875;-0.4752044677734375;-1.464599609375;
2024-11-10 15:59:19;1731275981.119288;portrait;-0.1999359130859375;-0.4188385009765625;-2.3909759521484375;
2024-11-10 15:59:19;1731275981.1685681;portrait;0.4377288818359375;0.0434112548828125;-1.839202880859375;
2024-11-10 15:59:19;1731275981.218793;portrait;-0.0946502685546875;-0.3079071044921875;-0.651458740234375;
2024-11-10 15:59:19;1731275981.269573;portrait;-0.644744873046875;-0.1469573974609375;-0.70599365234375;
2024-11-10 15:59:19;1731275981.319277;portrait;-0.65911865234375;-0.018157958984375;-0.33984375;
2024-11-10 15:59:19;1731275981.369543;portrait;-0.87518310546875;0.1438140869140625;-0.1187896728515625;
2024-11-10 15:59:19;1731275981.4196439;portrait;-0.3397979736328125;0.0157623291015625;-0.64398193359375;
2024-11-10 15:59:19;1731275981.470036;portrait;-0.2798309326171875;-0.92010498046875;-0.7711029052734375;
2024-11-10 15:59:19;1731275981.520111;portrait;0.351409912109375;0.02252197265625;-3.2812042236328125;
2024-11-10 15:59:19;1731275981.57107;portrait;-0.081939697265625;-0.773651123046875;-0.400634765625;
2024-11-10 15:59:19;1731275981.620856;portrait;0.074310302734375;-0.391845703125;-0.088348388671875;
2024-11-10 15:59:19;1731275981.6708732;portrait;0.0448455810546875;-0.2023162841796875;-0.7698516845703125;
2024-11-10 15:59:19;1731275981.721715;portrait;0.185546875;-0.17767333984375;-0.3790130615234375;
2024-11-10 15:59:19;1731275981.7719278;portrait;0.193084716796875;-0.128753662109375;-0.8093109130859375;
2024-11-10 15:59:19;1731275981.82159;portrait;0.39697265625;-0.431976318359375;-0.87042236328125;
2024-11-10 15:59:19;1731275981.872552;portrait;-0.435943603515625;-0.2630462646484375;-2.4231109619140625;
2024-11-10 15:59:19;1731275981.922091;portrait;0.1814727783203125;-0.2649078369140625;-1.6970367431640625;
2024-11-10 15:59:19;1731275981.972323;portrait;-0.220794677734375;-0.4517974853515625;-0.7042694091796875;
2024-11-10 15:59:19;1731275982.0225658;portrait;-0.34356689453125;-0.22357177734375;-0.5702056884765625;
2024-11-10 15:59:19;1731275982.072815;portrait;-0.5224151611328125;-0.060821533203125;-0.60333251953125;
2024-11-10 15:59:19;1731275982.1266298;portrait;-1.11700439453125;0.1841278076171875;-0.3992919921875;
2024-11-10 15:59:19;1731275982.178781;portrait;-0.80487060546875;0.0279998779296875;-0.593902587890625;
2024-11-10 15:59:19;1731275982.223631;portrait;-0.709381103515625;-0.153900146484375;-0.903656005859375;
2024-11-10 15:59:19;1731275982.278868;portrait;0.27947998046875;0.0296783447265625;-3.6673126220703125;
2024-11-10 15:59:19;1731275982.32799;portrait;-0.950347900390625;-1.04718017578125;-0.51568603515625;
2024-11-10 15:59:19;1731275982.3739839;portrait;0.1976776123046875;-0.22418212890625;-0.5523529052734375;
2024-11-10 15:59:19;1731275982.428205;portrait;-0.4073944091796875;-0.347808837890625;-0.61785888671875;
2024-11-10 15:59:19;1731275982.48014;portrait;-0.0453948974609375;-0.0860595703125;-0.4031829833984375;
2024-11-10 15:59:19;1731275982.52993;portrait;-0.01580810546875;-0.028656005859375;-0.3009490966796875;
2024-11-10 15:59:19;1731275982.580888;portrait;-0.105255126953125;-0.084136962890625;-0.711578369140625;
2024-11-10 15:59:19;1731275982.630939;portrait;-0.4637908935546875;-0.1052398681640625;-1.3781890869140625;
2024-11-10 15:59:19;1731275982.681175;portrait;0.45404052734375;-0.6140289306640625;-1.812744140625;
2024-11-10 15:59:19;1731275982.730725;portrait;0.1108551025390625;-0.8609161376953125;-1.60906982421875;
2024-11-10 15:59:19;1731275982.7793999;portrait;-0.203857421875;-0.6483154296875;-1.243743896484375;
2024-11-10 15:59:19;1731275982.831322;portrait;-0.3591461181640625;-0.385955810546875;-0.467071533203125;
2024-11-10 15:59:19;1731275982.880995;portrait;-0.19952392578125;0.08709716796875;-0.9805450439453125;
2024-11-10 15:59:19;1731275982.928073;portrait;-0.881866455078125;0.1557159423828125;-0.51422119140625;
2024-11-10 15:59:19;1731275982.9819179;portrait;-0.42840576171875;0.4659576416015625;-0.6461334228515625;
2024-11-10 15:59:19;1731275983.032514;portrait;-0.3218536376953125;0.252349853515625;-0.7464752197265625;
2024-11-10 15:59:19;1731275983.077478;portrait;0.0275421142578125;-0.37677001953125;-2.460906982421875;
2024-11-10 15:59:19;1731275983.132461;portrait;-0.6559295654296875;-1.177337646484375;-1.78076171875;
2024-11-10 15:59:19;1731275983.1804662;portrait;0.4223785400390625;-0.1504669189453125;-1.4874267578125;
2024-11-10 15:59:19;1731275983.229642;portrait;-0.0952301025390625;-0.5055389404296875;-0.14617919921875;
2024-11-10 15:59:19;1731275983.279253;portrait;0.0657196044921875;-0.1091766357421875;-0.346038818359375;
2024-11-10 15:59:19;1731275983.328872;portrait;0.311737060546875;0.025299072265625;-0.6279449462890625;
2024-11-10 15:59:19;1731275983.379448;portrait;0.3909454345703125;-0.52166748046875;-0.5970458984375;
2024-11-10 15:59:19;1731275983.4298968;portrait;0.5732574462890625;-0.4032745361328125;-1.9816741943359375;
2024-11-10 15:59:19;1731275983.480075;portrait;0.0321807861328125;-0.569610595703125;-1.41339111328125;
2024-11-10 15:59:19;1731275983.530705;portrait;-0.1797943115234375;-0.1458740234375;-0.7654571533203125;
2024-11-10 15:59:19;1731275983.580354;portrait;-0.5485076904296875;0.0025787353515625;-0.607208251953125;
2024-11-10 15:59:19;1731275983.630746;portrait;-0.3014373779296875;0.05340576171875;-0.5452423095703125;
2024-11-10 15:59:19;1731275983.681048;portrait;-0.966522216796875;0.170562744140625;-0.73858642578125;
2024-11-10 15:59:19;1731275983.7311192;portrait;-0.58465576171875;-0.04840087890625;-2.0424652099609375;
2024-11-10 15:59:19;1731275983.780751;portrait;-0.0399627685546875;-0.3475189208984375;-1.82843017578125;
2024-11-10 15:59:19;1731275983.831259;portrait;0.7283477783203125;-0.7271270751953125;-0.444244384765625;
2024-11-10 15:59:19;1731275983.8812919;portrait;-0.477447509765625;-0.740447998046875;-0.909088134765625;
2024-11-10 15:59:19;1731275983.9316201;portrait;0.263671875;-0.44171142578125;-0.303436279296875;
2024-11-10 15:59:19;1731275983.981913;portrait;0.4284515380859375;-0.339385986328125;-0.7366180419921875;
2024-11-10 15:59:19;1731275984.032228;portrait;0.4264068603515625;-0.2632904052734375;-1.050079345703125;
2024-11-10 15:59:19;1731275984.082489;portrait;0.2049407958984375;-0.326568603515625;-1.737152099609375;
2024-11-10 15:59:19;1731275984.132595;portrait;0.336395263671875;0.066436767578125;-2.7474517822265625;
2024-11-10 15:59:19;1731275984.183842;portrait;0.245849609375;-0.2112884521484375;-0.694610595703125;
2024-11-10 15:59:19;1731275984.233989;portrait;-0.1237640380859375;0.0003509521484375;-0.3379669189453125;
2024-11-10 15:59:19;1731275984.2841702;portrait;-0.758331298828125;0.185455322265625;-0.367034912109375;
2024-11-10 15:59:19;1731275984.3342252;portrait;-0.967437744140625;0.2821197509765625;-1.25213623046875;
2024-11-10 15:59:19;1731275984.389163;portrait;-0.9734954833984375;0.0763092041015625;-1.5645751953125;
2024-11-10 15:59:19;1731275984.439466;portrait;0.010833740234375;-0.769500732421875;-0.5953826904296875;
2024-11-10 15:59:19;1731275984.490176;portrait;0.1660308837890625;-0.0825653076171875;-1.5655364990234375;
2024-11-10 15:59:19;1731275984.537277;portrait;0.0310516357421875;-0.58740234375;-0.197265625;
2024-11-10 15:59:19;1731275984.586656;portrait;0.22528076171875;-0.5038909912109375;-0.4626312255859375;
2024-11-10 15:59:19;1731275984.6371179;portrait;0.493988037109375;-0.5302276611328125;-1.3565673828125;
2024-11-10 15:59:19;1731275984.6873322;portrait;0.562255859375;-0.4718017578125;-0.9999542236328125;
2024-11-10 15:59:19;1731275984.737474;portrait;0.4898529052734375;-0.2319793701171875;-1.9383392333984375;
2024-11-10 15:59:19;1731275984.787472;portrait;-0.308013916015625;-0.2660675048828125;-1.5789947509765625;
2024-11-10 15:59:19;1731275984.838198;portrait;0.0133819580078125;0.0476837158203125;-1.0003509521484375;
2024-11-10 15:59:19;1731275984.887866;portrait;-0.504058837890625;-0.067047119140625;-0.2656097412109375;
2024-11-10 15:59:19;1731275984.936549;portrait;-0.300079345703125;0.2603607177734375;-0.613739013671875;
2024-11-10 15:59:19;1731275984.988317;portrait;-0.6366424560546875;0.4124908447265625;-0.648956298828125;
2024-11-10 15:59:19;1731275985.0384111;portrait;-0.5854339599609375;0.3262176513671875;-1.985076904296875;
2024-11-10 15:59:19;1731275985.08902;portrait;-0.32672119140625;-0.9230499267578125;-0.6160430908203125;
2024-11-10 15:59:19;1731275985.139107;portrait;0.0707244873046875;0.153594970703125;-2.607574462890625;
2024-11-10 15:59:19;1731275985.189112;portrait;-0.4599609375;-0.98553466796875;0.1993865966796875;
2024-11-10 15:59:19;1731275985.239588;portrait;0.0820465087890625;-0.4354248046875;-0.13299560546875;
2024-11-10 15:59:19;1731275985.289758;portrait;-0.0203704833984375;-0.4362945556640625;-0.331817626953125;
2024-11-10 15:59:19;1731275985.3398771;portrait;0.1984100341796875;-0.3972015380859375;-0.381378173828125;
2024-11-10 15:59:19;1731275985.390627;portrait;0.23992919921875;-0.3823089599609375;-1.6101837158203125;
2024-11-10 15:59:19;1731275985.440547;portrait;-0.0497589111328125;-0.9001007080078125;-0.873046875;
2024-11-10 15:59:19;1731275985.49189;portrait;0.378692626953125;0.3447113037109375;-2.4191436767578125;
2024-11-10 15:59:19;1731275985.541609;portrait;-0.371551513671875;-0.1868438720703125;-0.5020599365234375;
2024-11-10 15:59:19;1731275985.593742;portrait;-0.429718017578125;0.2050018310546875;-0.5046539306640625;
2024-11-10 15:59:19;1731275985.640125;portrait;-0.94403076171875;0.1985015869140625;-0.271728515625;
2024-11-10 15:59:19;1731275985.690151;portrait;-0.7523345947265625;0.507659912109375;-1.1819000244140625;
2024-11-10 15:59:19;1731275985.741167;portrait;-0.66259765625;-0.3081207275390625;-1.2643280029296875;
2024-11-10 15:59:19;1731275985.790797;portrait;0.7838592529296875;0.1461639404296875;-1.9567108154296875;
2024-11-10 15:59:19;1731275985.840921;portrait;0.0963592529296875;-0.3593597412109375;-1.1148223876953125;
2024-11-10 15:59:19;1731275985.891029;portrait;-0.16357421875;-0.6961517333984375;0.336517333984375;
2024-11-10 15:59:19;1731275985.94136;portrait;0.5145416259765625;-0.3483428955078125;-0.9588470458984375;
2024-11-10 15:59:19;1731275985.992437;portrait;0.349456787109375;-0.472808837890625;-0.304718017578125;
2024-11-10 15:59:19;1731275986.042711;portrait;0.699859619140625;-0.15386962890625;-1.1396484375;
2024-11-10 15:59:19;1731275986.092945;portrait;0.3391876220703125;-0.8237457275390625;-1.208770751953125;
2024-11-10 15:59:19;1731275986.142379;portrait;0.188140869140625;0.2586517333984375;-2.3874053955078125;
2024-11-10 15:59:19;1731275986.193418;portrait;-0.1316375732421875;-0.1197509765625;-1.027008056640625;
2024-11-10 15:59:19;1731275986.243688;portrait;-0.31512451171875;0.1305389404296875;-0.2850189208984375;
2024-11-10 15:59:19;1731275986.293767;portrait;-0.748870849609375;0.24029541015625;-1.062713623046875;
2024-11-10 15:59:19;1731275986.344224;portrait;-1.0338134765625;0.447357177734375;-0.4552154541015625;
2024-11-10 15:59:19;1731275986.393995;portrait;-0.5420989990234375;0.1965179443359375;-1.8770904541015625;
2024-11-10 15:59:19;1731275986.444353;portrait;0.1706085205078125;-0.930389404296875;-0.6810760498046875;
2024-11-10 15:59:19;1731275986.4945378;portrait;0.240478515625;0.0589447021484375;-2.28265380859375;
2024-11-10 15:59:19;1731275986.54486;portrait;0.1395263671875;-0.8757476806640625;0.1609649658203125;
2024-11-10 15:59:19;1731275986.5959191;portrait;0.1734466552734375;-0.3952178955078125;-0.5269927978515625;
2024-11-10 15:59:19;1731275986.645925;portrait;0.3759918212890625;-0.3926849365234375;-0.7327117919921875;
2024-11-10 15:59:19;1731275986.700801;portrait;0.5157318115234375;-0.188201904296875;-0.641204833984375;
2024-11-10 15:59:19;1731275986.7514591;portrait;0.097412109375;-0.2672271728515625;-2.017852783203125;
2024-11-10 15:59:19;1731275986.801301;portrait;0.1319580078125;-0.251678466796875;-1.161834716796875;
2024-11-10 15:59:19;1731275986.850009;portrait;0.0040740966796875;0.006622314453125;-1.629547119140625;
2024-11-10 15:59:19;1731275986.900772;portrait;-0.14874267578125;0.0337371826171875;-0.5271148681640625;
2024-11-10 15:59:19;1731275986.950515;portrait;-0.9557952880859375;0.0806732177734375;-1.2356719970703125;
2024-11-10 15:59:19;1731275987.001158;portrait;-0.8293304443359375;0.439453125;-0.2394866943359375;
2024-11-10 15:59:19;1731275987.048152;portrait;-0.646392822265625;0.2368927001953125;-1.6125640869140625;
2024-11-10 15:59:19;1731275987.101332;portrait;-0.166259765625;-1.0891571044921875;-0.3392486572265625;
2024-11-10 15:59:19;1731275987.151925;portrait;0.174957275390625;0.06707763671875;-2.5124053955078125;
2024-11-10 15:59:19;1731275987.202454;portrait;0.1605224609375;-0.8456268310546875;-0.0717315673828125;
2024-11-10 15:59:19;1731275987.252674;portrait;0.0048065185546875;-0.5572662353515625;-0.0268402099609375;
2024-11-10 15:59:19;1731275987.302917;portrait;0.237884521484375;-0.4777374267578125;-1.040496826171875;
2024-11-10 15:59:19;1731275987.352713;portrait;0.5820770263671875;-0.3247833251953125;-0.7375335693359375;
2024-11-10 15:59:19;1731275987.403353;portrait;0.067718505859375;-0.1422576904296875;-1.8348846435546875;
2024-11-10 15:59:19;1731275987.454376;portrait;0.1407928466796875;-0.4529876708984375;-0.7963104248046875;
2024-11-10 15:59:19;1731275987.5034919;portrait;-0.02294921875;-0.033538818359375;-1.8389434814453125;
2024-11-10 15:59:19;1731275987.5536752;portrait;-0.263916015625;-0.0431365966796875;-0.69317626953125;
2024-11-10 15:59:19;1731275987.6044059;portrait;-0.315460205078125;0.036895751953125;-0.341278076171875;
2024-11-10 15:59:19;1731275987.6527429;portrait;-0.489593505859375;-0.0847625732421875;-0.6707916259765625;
2024-11-10 15:59:19;1731275987.7041821;portrait;-0.64013671875;0.173095703125;-0.9721832275390625;
2024-11-10 15:59:19;1731275987.754696;portrait;-0.4909820556640625;-0.7884521484375;-1.001434326171875;
2024-11-10 15:59:19;1731275987.805224;portrait;-0.0045166015625;0.028289794921875;-2.4176177978515625;
2024-11-10 15:59:19;1731275987.851064;portrait;-0.3405609130859375;-0.78851318359375;-0.841796875;
2024-11-10 15:59:19;1731275987.901259;portrait;0.0613861083984375;-0.5157928466796875;-0.4364776611328125;
2024-11-10 15:59:19;1731275987.951617;portrait;0.423004150390625;-0.2370147705078125;-0.2455291748046875;
2024-11-10 15:59:19;1731275988.0017982;portrait;0.5679779052734375;-0.169219970703125;-0.1854705810546875;
2024-11-10 15:59:19;1731275988.05229;portrait;0.2298736572265625;-0.47930908203125;-1.419525146484375;
2024-11-10 15:59:19;1731275988.102355;portrait;0.1542510986328125;-0.3699798583984375;-1.1719970703125;
2024-11-10 15:59:19;1731275988.1524858;portrait;0.0956573486328125;-0.0311431884765625;-2.062835693359375;
2024-11-10 15:59:19;1731275988.202862;portrait;-0.3063507080078125;-0.2337799072265625;-0.6867828369140625;
2024-11-10 15:59:19;1731275988.253261;portrait;-0.303192138671875;0.0531463623046875;-0.5366668701171875;
2024-11-10 15:59:19;1731275988.303316;portrait;-0.564453125;-0.0075531005859375;-0.265838623046875;
2024-11-10 15:59:19;1731275988.3537102;portrait;-0.720550537109375;0.4439697265625;-1.1232147216796875;
2024-11-10 15:59:19;1731275988.403784;portrait;-0.4860687255859375;-0.3839263916015625;-1.1999969482421875;
2024-11-10 15:59:19;1731275988.454593;portrait;-0.3268280029296875;0.15594482421875;-2.967010498046875;
2024-11-10 15:59:19;1731275988.5042372;portrait;-0.400909423828125;-0.568450927734375;-0.5083160400390625;
2024-11-10 15:59:19;1731275988.554605;portrait;0.2075958251953125;-0.5650634765625;-0.06231689453125;
2024-11-10 15:59:19;1731275988.604591;portrait;0.185943603515625;-0.563995361328125;-0.50494384765625;
2024-11-10 15:59:19;1731275988.6559339;portrait;0.4275970458984375;-0.37542724609375;-0.3782501220703125;
2024-11-10 15:59:19;1731275988.706286;portrait;0.1867218017578125;-0.1035614013671875;-1.8626861572265625;
2024-11-10 15:59:19;1731275988.756479;portrait;0.369598388671875;-0.4727935791015625;-0.70428466796875;
2024-11-10 15:59:19;1731275988.806584;portrait;0.2988433837890625;0.1481475830078125;-1.76702880859375;
2024-11-10 15:59:19;1731275988.856715;portrait;0.0392608642578125;-0.0791473388671875;-0.4904327392578125;
2024-11-10 15:59:19;1731275988.905937;portrait;-0.4383392333984375;0.0668182373046875;-0.37445068359375;
2024-11-10 15:59:19;1731275988.955822;portrait;-0.871734619140625;0.03521728515625;-0.56182861328125;
2024-11-10 15:59:19;1731275989.005954;portrait;-0.8809814453125;0.5889434814453125;-1.44036865234375;
2024-11-10 15:59:19;1731275989.05615;portrait;-0.517181396484375;-0.179107666015625;-1.2483062744140625;
2024-11-10 15:59:19;1731275989.1062489;portrait;0.259246826171875;-0.4676361083984375;-1.4984283447265625;
2024-11-10 15:59:19;1731275989.161181;portrait;0.0764007568359375;-0.5473785400390625;-1.177642822265625;
2024-11-10 15:59:19;1731275989.2111092;portrait;-0.07281494140625;-0.7236175537109375;0.299407958984375;
2024-11-10 15:59:19;1731275989.262022;portrait;0.594635009765625;-0.2980499267578125;-1.27984619140625;
2024-11-10 15:59:19;1731275989.3115911;portrait;0.53875732421875;-0.5435943603515625;-0.4428558349609375;
2024-11-10 15:59:19;1731275989.363244;portrait;0.6675262451171875;0.1168975830078125;-2.1445159912109375;
2024-11-10 15:59:19;1731275989.413039;portrait;-0.1192474365234375;-0.9615325927734375;-0.9119110107421875;
2024-11-10 15:59:19;1731275989.463918;portrait;0.1430511474609375;0.6356201171875;-2.28558349609375;
2024-11-10 15:59:19;1731275989.513881;portrait;-0.2649383544921875;-0.0901031494140625;-0.33197021484375;
2024-11-10 15:59:19;1731275989.563586;portrait;-0.49798583984375;0.272216796875;-0.6278533935546875;
2024-11-10 15:59:19;1731275989.614052;portrait;-0.5749359130859375;0.2357940673828125;-1.0536346435546875;
2024-11-10 15:59:19;1731275989.663908;portrait;-1.06134033203125;0.4569244384765625;-0.2628326416015625;
2024-11-10 15:59:19;1731275989.7136722;portrait;-0.4371337890625;0.18450927734375;-2.4348297119140625;
2024-11-10 15:59:19;1731275989.7642632;portrait;-0.3311614990234375;-1.2290191650390625;-0.124725341796875;
2024-11-10 15:59:19;1731275989.8143868;portrait;0.406158447265625;0.006561279296875;-1.72808837890625;
2024-11-10 15:59:19;1731275989.862018;portrait;0.223663330078125;-0.89862060546875;0.095733642578125;
2024-11-10 15:59:19;1731275989.914427;portrait;0.0088043212890625;-0.6167449951171875;-0.5090484619140625;
2024-11-10 15:59:19;1731275989.966325;portrait;0.7385406494140625;-0.475341796875;-0.6825714111328125;
2024-11-10 15:59:19;1731275990.016931;portrait;0.5340728759765625;-0.37579345703125;-1.1832122802734375;
2024-11-10 15:59:19;1731275990.0662231;portrait;0.4165191650390625;-0.21160888671875;-2.2601470947265625;
2024-11-10 15:59:19;1731275990.117806;portrait;-0.5222320556640625;-0.53887939453125;-0.9260101318359375;
2024-11-10 15:59:19;1731275990.162372;portrait;-0.503173828125;0.3042755126953125;-2.4147186279296875;
2024-11-10 15:59:19;1731275990.213757;portrait;-0.089447021484375;-0.1355438232421875;-0.0319061279296875;
2024-11-10 15:59:19;1731275990.2626948;portrait;-0.475311279296875;0.009307861328125;-0.1750030517578125;
2024-11-10 15:59:19;1731275990.312835;portrait;-0.7095184326171875;0.3715057373046875;-0.61993408203125;
2024-11-10 15:59:19;1731275990.363525;portrait;-0.9189910888671875;0.2537689208984375;-1.6168060302734375;
2024-11-10 15:59:19;1731275990.4136739;portrait;-0.549072265625;-1.0823516845703125;-1.4337158203125;
2024-11-10 15:59:19;1731275990.463821;portrait;0.52203369140625;-0.4784088134765625;-1.8618927001953125;
2024-11-10 15:59:19;1731275990.513912;portrait;-0.1468048095703125;-0.7635040283203125;0.01971435546875;
2024-11-10 15:59:19;1731275990.5640101;portrait;0.5936737060546875;-0.33917236328125;0.2164764404296875;
2024-11-10 15:59:19;1731275990.61439;portrait;0.547271728515625;-0.4208526611328125;-0.4931793212890625;
2024-11-10 15:59:19;1731275990.6647801;portrait;0.940460205078125;-0.2415924072265625;-0.6371307373046875;
2024-11-10 15:59:19;1731275990.7150211;portrait;0.1412200927734375;-0.7282257080078125;-1.8358612060546875;
2024-11-10 15:59:19;1731275990.7660441;portrait;-0.112457275390625;-0.791748046875;-1.2822265625;
2024-11-10 15:59:19;1731275990.816135;portrait;0.1825408935546875;-0.1988525390625;-1.8922119140625;
2024-11-10 15:59:19;1731275990.866543;portrait;-0.505462646484375;-0.21746826171875;-0.1626434326171875;
2024-11-10 15:59:19;1731275990.916585;portrait;-0.5467987060546875;0.079986572265625;-0.8113250732421875;
2024-11-10 15:59:19;1731275990.966761;portrait;-0.7967529296875;0.018768310546875;-0.5594482421875;
2024-11-10 15:59:19;1731275991.016993;portrait;-0.3679962158203125;0.2671356201171875;-2.0873565673828125;
2024-11-10 15:59:19;1731275991.0666451;portrait;-0.5028533935546875;-1.2126007080078125;0.016021728515625;
2024-11-10 15:59:19;1731275991.116869;portrait;0.428375244140625;-0.1245269775390625;-2.25982666015625;
2024-11-10 15:59:19;1731275991.166491;portrait;-0.4829254150390625;-0.887603759765625;-0.154998779296875;
2024-11-10 15:59:19;1731275991.2166;portrait;0.4897918701171875;-0.2845916748046875;-0.38311767578125;
2024-11-10 15:59:19;1731275991.2668939;portrait;-0.14178466796875;-0.379119873046875;-0.2088470458984375;
2024-11-10 15:59:19;1731275991.3177881;portrait;0.709259033203125;-0.28704833984375;-0.470794677734375;
2024-11-10 15:59:19;1731275991.3724298;portrait;0.02081298828125;-0.5980682373046875;-2.023162841796875;
2024-11-10 15:59:19;1731275991.4236522;portrait;0.4425811767578125;-0.60662841796875;-1.5073699951171875;
2024-11-10 15:59:19;1731275991.472518;portrait;-0.126983642578125;-0.3928680419921875;-1.4296722412109375;
2024-11-10 15:59:19;1731275991.5214648;portrait;-0.2917022705078125;-0.1029205322265625;-0.4527435302734375;
2024-11-10 15:59:19;1731275991.572531;portrait;-0.2308349609375;0.0344085693359375;-0.3013153076171875;
2024-11-10 15:59:19;1731275991.6228871;portrait;-0.9347381591796875;0.2230682373046875;-0.5021209716796875;
2024-11-10 15:59:19;1731275991.67328;portrait;-0.449005126953125;-0.007476806640625;-1.5850982666015625;
2024-11-10 15:59:19;1731275991.723692;portrait;-0.1304168701171875;-0.957977294921875;-0.8617401123046875;
2024-11-10 15:59:19;1731275991.77402;portrait;0.10845947265625;0.0056610107421875;-2.254608154296875;
2024-11-10 15:59:19;1731275991.824259;portrait;-0.1793212890625;-0.8726348876953125;0.024383544921875;
2024-11-10 15:59:19;1731275991.874872;portrait;0.496429443359375;-0.49462890625;-0.511627197265625;
2024-11-10 15:59:19;1731275991.92446;portrait;0.328887939453125;-0.436309814453125;-0.310943603515625;
2024-11-10 15:59:19;1731275991.976702;portrait;0.828033447265625;-0.122222900390625;-1.354766845703125;
2024-11-10 15:59:19;1731275992.024451;portrait;0.256744384765625;-0.68798828125;-1.0619659423828125;
2024-11-10 15:59:19;1731275992.0771499;portrait;0.15045166015625;0.1238250732421875;-2.13555908203125;
2024-11-10 15:59:19;1731275992.1263618;portrait;-0.05059814453125;-0.0648956298828125;-0.7482757568359375;
2024-11-10 15:59:19;1731275992.176935;portrait;-0.552520751953125;0.0124664306640625;-0.5001678466796875;
2024-11-10 15:59:19;1731275992.223866;portrait;-0.5890655517578125;0.1711883544921875;-0.441314697265625;
2024-11-10 15:59:19;1731275992.27717;portrait;-1.2933197021484375;0.3643035888671875;-0.770294189453125;
2024-11-10 15:59:19;1731275992.327503;portrait;-0.509918212890625;0.2053985595703125;-2.1680145263671875;
2024-11-10 15:59:19;1731275992.377997;portrait;0.1968536376953125;-0.138702392578125;-0.580902099609375;
2024-11-10 15:59:19;1731275992.427706;portrait;0.222320556640625;-0.139495849609375;-1.5628662109375;
2024-11-10 15:59:19;1731275992.478372;portrait;-0.12939453125;-0.7032928466796875;0.191131591796875;
2024-11-10 15:59:19;1731275992.523779;portrait;0.40673828125;-0.291839599609375;-0.7696075439453125;
2024-11-10 15:59:19;1731275992.5739741;portrait;0.6643218994140625;-0.3292999267578125;-0.618377685546875;
2024-11-10 15:59:19;1731275992.624018;portrait;0.6732940673828125;-0.2049407958984375;-1.721893310546875;
2024-11-10 15:59:19;1731275992.6742759;portrait;-0.1189117431640625;-0.3354949951171875;-1.4927978515625;
2024-11-10 15:59:19;1731275992.724545;portrait;0.4639739990234375;0.5987396240234375;-2.43450927734375;
2024-11-10 15:59:19;1731275992.774858;portrait;-0.305450439453125;-0.0581512451171875;-0.5341339111328125;
2024-11-10 15:59:19;1731275992.825859;portrait;-0.354766845703125;0.114227294921875;-0.4722137451171875;
2024-11-10 15:59:19;1731275992.876182;portrait;-0.654876708984375;0.1093597412109375;-0.298492431640625;
2024-11-10 15:59:19;1731275992.926759;portrait;-0.9699554443359375;0.47930908203125;-0.4317626953125;
2024-11-10 15:59:19;1731275992.9767451;portrait;-0.550048828125;0.6803131103515625;-2.530181884765625;
2024-11-10 15:59:19;1731275993.026628;portrait;0.184600830078125;-1.21771240234375;0.2476043701171875;
2024-11-10 15:59:19;1731275993.0765672;portrait;0.230377197265625;0.0694580078125;-2.75726318359375;
2024-11-10 15:59:19;1731275993.126628;portrait;-0.19879150390625;-1.0045928955078125;0.379608154296875;
2024-11-10 15:59:19;1731275993.1763;portrait;0.36871337890625;-0.297088623046875;-0.439208984375;
2024-11-10 15:59:19;1731275993.226929;portrait;0.4094085693359375;-0.4516448974609375;-0.8836517333984375;
2024-11-10 15:59:19;1731275993.2772732;portrait;0.842559814453125;-0.1045379638671875;-0.9168701171875;
2024-11-10 15:59:19;1731275993.3274632;portrait;0.3532867431640625;-0.2511444091796875;-1.9698486328125;
2024-11-10 15:59:19;1731275993.3776631;portrait;-0.192840576171875;-0.2405548095703125;-1.3599395751953125;
2024-11-10 15:59:19;1731275993.4280019;portrait;-0.1266937255859375;-0.239105224609375;-1.5712738037109375;
2024-11-10 15:59:19;1731275993.478157;portrait;-0.276885986328125;0.0724334716796875;-0.645538330078125;
2024-11-10 15:59:19;1731275993.5284119;portrait;-0.3084716796875;-0.0013580322265625;-0.796539306640625;
2024-11-10 15:59:19;1731275993.578751;portrait;-0.3843231201171875;0.1723785400390625;-0.6667327880859375;
2024-11-10 15:59:19;1731275993.628686;portrait;-0.4124908447265625;0.1859283447265625;-0.723876953125;
2024-11-10 15:59:19;1731275993.6839771;portrait;-0.110198974609375;-0.308349609375;-1.0004425048828125;
2024-11-10 15:59:19;1731275993.733378;portrait;-0.2379913330078125;0.0388031005859375;-1.9931182861328125;
2024-11-10 15:59:19;1731275993.784426;portrait;-0.11895751953125;-0.5343017578125;-0.601104736328125;
2024-11-10 15:59:19;1731275993.83341;portrait;0.016387939453125;-0.3845672607421875;-0.961151123046875;
2024-11-10 15:59:19;1731275993.8842359;portrait;0.0715789794921875;-0.2384185791015625;-0.361053466796875;
2024-11-10 15:59:19;1731275993.930026;portrait;0.212799072265625;-0.1509246826171875;-0.537109375;
2024-11-10 15:59:19;1731275993.985095;portrait;0.531524658203125;-0.2556915283203125;-1.2609710693359375;
2024-11-10 15:59:19;1731275994.0362449;portrait;0.088165283203125;-0.3873443603515625;-0.4928436279296875;
2024-11-10 15:59:19;1731275994.082073;portrait;0.671600341796875;0.0197906494140625;-1.6569976806640625;
2024-11-10 15:59:19;1731275994.1319818;portrait;-0.1529083251953125;-0.201202392578125;-1.2739715576171875;
2024-11-10 15:59:19;1731275994.183162;portrait;0.01348876953125;-0.1090545654296875;-0.83209228515625;
2024-11-10 15:59:19;1731275994.233058;portrait;-0.3955078125;-0.18463134765625;-0.5331268310546875;
2024-11-10 15:59:19;1731275994.283134;portrait;-0.6456146240234375;0.469482421875;-0.822540283203125;
2024-11-10 15:59:19;1731275994.3341079;portrait;-0.5654449462890625;-0.072967529296875;-1.6048126220703125;
2024-11-10 15:59:19;1731275994.383918;portrait;-0.0151824951171875;-0.479461669921875;-0.652587890625;
2024-11-10 15:59:19;1731275994.434142;portrait;0.0492401123046875;-0.3070220947265625;-1.8246002197265625;
2024-11-10 15:59:19;1731275994.484435;portrait;-0.1417388916015625;-0.603179931640625;-0.026092529296875;
2024-11-10 15:59:19;1731275994.534565;portrait;0.1375885009765625;-0.3495330810546875;-0.59014892578125;
2024-11-10 15:59:19;1731275994.585814;portrait;0.5175628662109375;-0.3038177490234375;-0.3340606689453125;
2024-11-10 15:59:19;1731275994.635155;portrait;0.5980682373046875;-0.21124267578125;-0.9678802490234375;
2024-11-10 15:59:19;1731275994.687109;portrait;0.4485015869140625;-0.598602294921875;-1.181854248046875;
2024-11-10 15:59:19;1731275994.7381248;portrait;0.932525634765625;0.578765869140625;-2.8725433349609375;
2024-11-10 15:59:19;1731275994.7896209;portrait;-0.0797119140625;-0.1826934814453125;-1.3336639404296875;
2024-11-10 15:59:19;1731275994.833774;portrait;-0.0047607421875;0.0037689208984375;-0.8460540771484375;
2024-11-10 15:59:19;1731275994.885901;portrait;-0.8003692626953125;-0.0492401123046875;-0.669036865234375;
2024-11-10 15:59:19;1731275994.935492;portrait;-0.8561859130859375;0.1679840087890625;-0.05462646484375;
2024-11-10 15:59:19;1731275994.9847631;portrait;-0.2567291259765625;0.542327880859375;-1.7149810791015625;
2024-11-10 15:59:19;1731275995.035315;portrait;-0.1963958740234375;-0.7635040283203125;-0.0995330810546875;
2024-11-10 15:59:19;1731275995.086329;portrait;0.27947998046875;0.047088623046875;-2.8536376953125;
2024-11-10 15:59:19;1731275995.135432;portrait;-0.077880859375;-0.555633544921875;-0.6099395751953125;
2024-11-10 15:59:19;1731275995.1858602;portrait;0.2637176513671875;-0.4873199462890625;0.1244354248046875;
2024-11-10 15:59:19;1731275995.236655;portrait;0.1148834228515625;-0.419647216796875;-0.7032012939453125;
2024-11-10 15:59:19;1731275995.28684;portrait;0.3616485595703125;-0.225006103515625;-0.2232208251953125;
2024-11-10 15:59:19;1731275995.337112;portrait;0.65325927734375;-0.2516632080078125;-0.6759033203125;
2024-11-10 15:59:19;1731275995.3873072;portrait;0.4736785888671875;-0.9074249267578125;-1.2403411865234375;
2024-11-10 15:59:19;1731275995.4369678;portrait;0.62713623046875;0.0416107177734375;-2.622650146484375;
2024-11-10 15:59:19;1731275995.487831;portrait;-0.1188201904296875;-0.391815185546875;-0.9613037109375;
2024-11-10 15:59:19;1731275995.537581;portrait;-0.1847991943359375;-0.080810546875;-0.7834625244140625;
2024-11-10 15:59:19;1731275995.5880032;portrait;-0.8097991943359375;-0.015960693359375;-0.5629730224609375;
2024-11-10 15:59:19;1731275995.637737;portrait;-0.6656341552734375;0.168670654296875;-0.326904296875;
2024-11-10 15:59:19;1731275995.6887689;portrait;-0.6005401611328125;0.372711181640625;-0.9566497802734375;
2024-11-10 15:59:19;1731275995.739047;portrait;-0.2139129638671875;-0.520111083984375;-0.89788818359375;
2024-11-10 15:59:19;1731275995.789288;portrait;0.3425445556640625;-0.3535308837890625;-2.1746978759765625;
2024-11-10 15:59:19;1731275995.839497;portrait;0.2103424072265625;-0.545318603515625;-1.2956085205078125;
2024-11-10 15:59:19;1731275995.889783;portrait;0.2433013916015625;-0.579193115234375;-0.0210418701171875;
2024-11-10 15:59:19;1731275995.939791;portrait;-0.0637969970703125;-0.45037841796875;-0.569580078125;
2024-11-10 15:59:19;1731275995.993815;portrait;0.4703521728515625;-0.2593231201171875;-0.4992218017578125;
2024-11-10 15:59:19;1731275996.039598;portrait;0.4957275390625;-0.227813720703125;-0.6967926025390625;
2024-11-10 15:59:19;1731275996.094764;portrait;0.552093505859375;-0.4757537841796875;-1.8552093505859375;
2024-11-10 15:59:19;1731275996.1460109;portrait;0.5015411376953125;-0.3511505126953125;-1.7840423583984375;
2024-11-10 15:59:19;1731275996.194541;portrait;0.3046417236328125;-0.4202880859375;-1.2034149169921875;
2024-11-10 15:59:19;1731275996.2461119;portrait;-0.46392822265625;-0.317657470703125;-0.849761962890625;
2024-11-10 15:59:19;1731275996.296729;portrait;-0.3860321044921875;-0.086761474609375;-0.6433868408203125;
2024-11-10 15:59:19;1731275996.345537;portrait;-0.6259765625;-0.082977294921875;-0.4358673095703125;
2024-11-10 15:59:19;1731275996.3969622;portrait;-0.872528076171875;0.0559539794921875;-0.79229736328125;
2024-11-10 15:59:19;1731275996.443563;portrait;-0.237060546875;-0.448211669921875;-1.4565582275390625;
2024-11-10 15:59:19;1731275996.4934912;portrait;-0.0660247802734375;-0.71044921875;-1.1544189453125;
2024-11-10 15:59:19;1731275996.54615;portrait;-0.0115814208984375;-0.391326904296875;-1.3861846923828125;
2024-11-10 15:59:19;1731275996.592253;portrait;0.17083740234375;-0.3582305908203125;-0.415985107421875;
2024-11-10 15:59:19;1731275996.6481218;portrait;-0.0009918212890625;-0.284912109375;-0.5594635009765625;
2024-11-10 15:59:19;1731275996.6982942;portrait;0.2230377197265625;-0.174835205078125;-0.5755615234375;
2024-11-10 15:59:19;1731275996.748872;portrait;0.266021728515625;-0.28485107421875;-0.650390625;
2024-11-10 15:59:19;1731275996.800067;portrait;0.47930908203125;-0.560394287109375;-1.240997314453125;
2024-11-10 15:59:19;1731275996.8493118;portrait;0.2802581787109375;-0.6044158935546875;-1.34619140625;
2024-11-10 15:59:19;1731275996.8971791;portrait;0.2785797119140625;-0.4057464599609375;-1.704864501953125;
2024-11-10 15:59:19;1731275996.949611;portrait;-0.1331787109375;-0.3858489990234375;-0.607330322265625;
2024-11-10 15:59:19;1731275997.0000858;portrait;-0.3777923583984375;-0.155426025390625;-0.660552978515625;
2024-11-10 15:59:19;1731275997.0497499;portrait;-0.2659759521484375;-0.079345703125;-0.2224884033203125;
2024-11-10 15:59:19;1731275997.099625;portrait;-0.687744140625;0.0615081787109375;-0.388916015625;
2024-11-10 15:59:19;1731275997.14801;portrait;-0.1524810791015625;-0.3066253662109375;-1.475067138671875;
2024-11-10 15:59:19;1731275997.1962252;portrait;-0.51702880859375;-0.949676513671875;-0.8714599609375;
2024-11-10 15:59:19;1731275997.246633;portrait;0.085235595703125;-0.3837738037109375;-2.352020263671875;
2024-11-10 15:59:19;1731275997.296593;portrait;0.27142333984375;-0.4747314453125;-0.2035675048828125;
2024-11-10 15:59:19;1731275997.346524;portrait;-0.25006103515625;-0.4998016357421875;-0.638458251953125;
2024-11-10 15:59:19;1731275997.3967838;portrait;0.3364105224609375;-0.275665283203125;-0.2025299072265625;
2024-11-10 15:59:19;1731275997.447125;portrait;0.595367431640625;-0.1661224365234375;-0.6149139404296875;
2024-11-10 15:59:19;1731275997.497785;portrait;0.29583740234375;-0.537384033203125;-1.7516632080078125;
2024-11-10 15:59:19;1731275997.547719;portrait;0.5659027099609375;-0.5965576171875;-0.821746826171875;
2024-11-10 15:59:19;1731275997.597865;portrait;0.5083160400390625;-0.3328857421875;-2.1009368896484375;
2024-11-10 15:59:19;1731275997.648063;portrait;-0.2980804443359375;-0.1970062255859375;-0.809417724609375;
2024-11-10 15:59:19;1731275997.698388;portrait;-0.4391021728515625;-0.086456298828125;-0.3521575927734375;
2024-11-10 15:59:19;1731275997.748581;portrait;-0.450347900390625;-0.022918701171875;-0.3101654052734375;
2024-11-10 15:59:19;1731275997.7988849;portrait;-0.7296600341796875;0.283172607421875;-0.8023223876953125;
2024-11-10 15:59:19;1731275997.848422;portrait;-0.5395965576171875;-0.01385498046875;-1.83642578125;
2024-11-10 15:59:19;1731275997.8993502;portrait;-0.0264892578125;-0.8388519287109375;-0.6894073486328125;
2024-11-10 15:59:19;1731275997.949503;portrait;0.2924346923828125;-0.225616455078125;-2.0814971923828125;
2024-11-10 15:59:19;1731275997.9997091;portrait;0.136260986328125;-0.651092529296875;-0.147674560546875;
2024-11-10 15:59:19;1731275998.0498981;portrait;0.0347442626953125;-0.5251617431640625;-0.429443359375;
2024-11-10 15:59:19;1731275998.100295;portrait;0.4501800537109375;-0.2953033447265625;-0.2403717041015625;
2024-11-10 15:59:19;1731275998.150498;portrait;0.613555908203125;-0.1422576904296875;-0.7634735107421875;
2024-11-10 15:59:19;1731275998.200972;portrait;0.377777099609375;-0.44854736328125;-1.6685638427734375;
2024-11-10 15:59:19;1731275998.251169;portrait;0.505645751953125;-0.1504974365234375;-2.150238037109375;
2024-11-10 15:59:19;1731275998.301305;portrait;0.0660400390625;-0.30633544921875;-1.78167724609375;
2024-11-10 15:59:19;1731275998.3565931;portrait;-0.07293701171875;-0.26043701171875;-0.477630615234375;
2024-11-10 15:59:19;1731275998.4063659;portrait;-0.6939849853515625;-0.2180023193359375;-0.8224334716796875;
2024-11-10 15:59:19;1731275998.457252;portrait;-0.49285888671875;-0.052520751953125;-0.15447998046875;
2024-11-10 15:59:19;1731275998.5068269;portrait;-0.821990966796875;0.1020355224609375;-1.3812103271484375;
2024-11-10 15:59:19;1731275998.556355;portrait;-0.4821014404296875;-0.43798828125;-0.9927978515625;
2024-11-10 15:59:19;1731275998.6070461;portrait;0.3314971923828125;-0.3243865966796875;-1.2158660888671875;
2024-11-10 15:59:19;1731275998.657565;portrait;-0.31964111328125;-0.4137420654296875;-1.3172149658203125;
2024-11-10 15:59:19;1731275998.708255;portrait;0.3583526611328125;-0.3159332275390625;0.2751007080078125;
2024-11-10 15:59:19;1731275998.7586188;portrait;-0.2452545166015625;-0.4015655517578125;-1.0980377197265625;
2024-11-10 15:59:19;1731275998.8084931;portrait;0.3179168701171875;-0.2627716064453125;-0.05810546875;
2024-11-10 15:59:19;1731275998.859429;portrait;0.6387939453125;-0.1423492431640625;-0.87579345703125;
2024-11-10 15:59:19;1731275998.9088821;portrait;0.1378936767578125;-0.7412261962890625;-1.2491455078125;
2024-11-10 15:59:19;1731275998.960824;portrait;0.6738128662109375;-0.4968109130859375;-1.6814422607421875;
2024-11-10 15:59:19;1731275999.0092602;portrait;-0.06304931640625;-0.4922027587890625;-1.4139251708984375;
2024-11-10 15:59:19;1731275999.0599132;portrait;-0.1965179443359375;-0.201263427734375;-0.49871826171875;
2024-11-10 15:59:19;1731275999.110143;portrait;-0.3047637939453125;0.0109710693359375;-0.3529815673828125;
2024-11-10 15:59:19;1731275999.160445;portrait;-0.43798828125;-0.0542449951171875;-0.40838623046875;
2024-11-10 15:59:19;1731275999.210567;portrait;-0.83404541015625;0.04803466796875;-1.663238525390625;
2024-11-10 15:59:19;1731275999.2606559;portrait;-0.492401123046875;-0.915130615234375;-0.3064117431640625;
2024-11-10 15:59:19;1731275999.310762;portrait;0.106231689453125;0.0764312744140625;-3.3733367919921875;
2024-11-10 15:59:19;1731275999.360855;portrait;-0.06402587890625;-0.6101531982421875;-0.7383575439453125;
2024-11-10 15:59:19;1731275999.41053;portrait;0.3120269775390625;-0.5334014892578125;-0.2501983642578125;
2024-11-10 15:59:19;1731275999.460913;portrait;0.0278167724609375;-0.3541412353515625;-0.5127410888671875;
2024-11-10 15:59:19;1731275999.507127;portrait;0.4524688720703125;-0.085113525390625;-0.0019989013671875;
2024-11-10 15:59:19;1731275999.5570621;portrait;0.433685302734375;-0.186859130859375;-0.632232666015625;
2024-11-10 15:59:19;1731275999.607472;portrait;0.4008941650390625;-0.5557861328125;-0.9195556640625;
2024-11-10 15:59:19;1731275999.6578999;portrait;0.679473876953125;-0.144561767578125;-2.57098388671875;
2024-11-10 15:59:19;1731275999.707473;portrait;0.06207275390625;-0.4664154052734375;-0.9620361328125;
2024-11-10 15:59:19;1731275999.757766;portrait;-0.1771697998046875;-0.2432403564453125;-0.540679931640625;
2024-11-10 15:59:19;1731275999.8079128;portrait;-0.5014495849609375;-0.0703887939453125;-0.5457763671875;
2024-11-10 15:59:19;1731275999.858676;portrait;-0.8855133056640625;0.090301513671875;-0.2144012451171875;
2024-11-10 15:59:19;1731275999.908969;portrait;-0.4222412109375;0.1743011474609375;-1.23590087890625;
2024-11-10 15:59:19;1731275999.959379;portrait;-0.3072662353515625;-0.9235992431640625;-0.7725830078125;
2024-11-10 15:59:19;1731276000.009434;portrait;0.492828369140625;-0.251190185546875;-2.609100341796875;
2024-11-10 15:59:19;1731276000.059835;portrait;0.111602783203125;-0.7430267333984375;-0.7882843017578125;
2024-11-10 15:59:19;1731276000.110043;portrait;0.327423095703125;-0.52740478515625;-0.230072021484375;
2024-11-10 15:59:19;1731276000.1602058;portrait;-0.143707275390625;-0.3932647705078125;-0.6979522705078125;
2024-11-10 15:59:19;1731276000.210524;portrait;0.3878173828125;-0.1982574462890625;-0.0292816162109375;
2024-11-10 15:59:19;1731276000.2608318;portrait;0.3127899169921875;-0.1128692626953125;-1.3281097412109375;
2024-11-10 15:59:19;1731276000.3107991;portrait;0.0452117919921875;-0.5474853515625;-0.56683349609375;
2024-11-10 15:59:19;1731276000.361397;portrait;0.688995361328125;-0.1141357421875;-2.21807861328125;
2024-11-10 15:59:19;1731276000.411501;portrait;0.0027618408203125;-0.4623260498046875;-1.11773681640625;
2024-11-10 15:59:19;1731276000.461673;portrait;-0.0230712890625;-0.139923095703125;-0.53076171875;
2024-11-10 15:59:19;1731276000.511884;portrait;-0.4109344482421875;-0.0487518310546875;-0.6206207275390625;
2024-11-10 15:59:19;1731276000.5620651;portrait;-0.549896240234375;-0.17657470703125;-0.351715087890625;
2024-11-10 15:59:19;1731276000.61254;portrait;-0.4339599609375;-0.03717041015625;-0.89385986328125;
2024-11-10 15:59:19;1731276000.6625729;portrait;-0.170623779296875;-0.805267333984375;-1.0942535400390625;
2024-11-10 15:59:19;1731276000.717702;portrait;0.1383056640625;-0.605255126953125;-1.2220611572265625;
2024-11-10 15:59:19;1731276000.767468;portrait;-0.075225830078125;-0.68841552734375;-1.34228515625;
2024-11-10 15:59:19;1731276000.816354;portrait;0.2432403564453125;-0.44598388671875;-0.2571868896484375;
2024-11-10 15:59:19;1731276000.8628612;portrait;0.0052642822265625;-0.2943115234375;-0.814697265625;
2024-11-10 15:59:19;1731276000.915519;portrait;0.238739013671875;-0.2800140380859375;-0.3666839599609375;
2024-11-10 15:59:19;1731276000.9687781;portrait;0.3872528076171875;-0.244598388671875;-0.8673553466796875;
2024-11-10 15:59:19;1731276001.018553;portrait;0.25921630859375;-0.5459747314453125;-1.1699981689453125;
2024-11-10 15:59:19;1731276001.069878;portrait;0.442596435546875;-0.5211181640625;-1.5897979736328125;
2024-11-10 15:59:19;1731276001.119425;portrait;0.4581146240234375;-0.4922637939453125;-1.376922607421875;
2024-11-10 15:59:19;1731276001.1699471;portrait;0.0039215087890625;-0.353851318359375;-0.8202972412109375;
2024-11-10 15:59:19;1731276001.218626;portrait;-0.161773681640625;-0.165313720703125;-0.8349151611328125;
2024-11-10 15:59:19;1731276001.27058;portrait;-0.3952484130859375;-0.199615478515625;-0.47216796875;
2024-11-10 15:59:19;1731276001.3204188;portrait;-0.634918212890625;-0.0239410400390625;-0.7038116455078125;
2024-11-10 15:59:19;1731276001.369895;portrait;-0.132080078125;-0.5173492431640625;-1.426849365234375;
2024-11-10 15:59:19;1731276001.420536;portrait;0.0113983154296875;-0.8607330322265625;-0.1195526123046875;
2024-11-10 15:59:19;1731276001.470501;portrait;0.1865386962890625;-0.4706878662109375;-2.309661865234375;
2024-11-10 15:59:19;1731276001.51892;portrait;-0.0690765380859375;-0.55035400390625;-0.3419342041015625;
2024-11-10 15:59:19;1731276001.570478;portrait;0.085906982421875;-0.3357696533203125;-0.5808258056640625;
2024-11-10 15:59:19;1731276001.620276;portrait;0.2159271240234375;-0.204742431640625;-0.38616943359375;
2024-11-10 15:59:19;1731276001.671091;portrait;0.2982330322265625;-0.2263946533203125;-0.23101806640625;
2024-11-10 15:59:19;1731276001.722364;portrait;0.391326904296875;-0.2746734619140625;-1.4771270751953125;
2024-11-10 15:59:19;1731276001.7720652;portrait;0.400787353515625;-0.6155242919921875;-0.65264892578125;
2024-11-10 15:59:19;1731276001.818376;portrait;0.4840545654296875;-0.387603759765625;-1.869110107421875;
2024-11-10 15:59:19;1731276001.868379;portrait;0.165771484375;-0.522186279296875;-1.4944305419921875;
2024-11-10 15:59:19;1731276001.918819;portrait;-0.147796630859375;-0.395843505859375;-0.6209716796875;
2024-11-10 15:59:19;1731276001.96826;portrait;-0.2428741455078125;-0.1003265380859375;-0.43048095703125;
2024-11-10 15:59:19;1731276002.018394;portrait;-0.699798583984375;-0.177520751953125;-0.6351165771484375;
2024-11-10 15:59:19;1731276002.069345;portrait;-0.5435943603515625;0.0173797607421875;-0.760498046875;
2024-11-10 15:59:19;1731276002.119547;portrait;0.0622406005859375;-0.463836669921875;-0.770843505859375;
2024-11-10 15:59:19;1731276002.1698198;portrait;0.18695068359375;-0.3267059326171875;-2.082244873046875;
2024-11-10 15:59:19;1731276002.220039;portrait;-0.17926025390625;-0.6026153564453125;-1.192535400390625;
2024-11-10 15:59:19;1731276002.270282;portrait;0.1667022705078125;-0.403289794921875;-0.62933349609375;
2024-11-10 15:59:19;1731276002.319899;portrait;-0.1815338134765625;-0.41802978515625;-0.678131103515625;
2024-11-10 15:59:19;1731276002.370296;portrait;0.1917266845703125;-0.1275482177734375;-0.6195220947265625;
2024-11-10 15:59:19;1731276002.4209518;portrait;0.1389312744140625;-0.2133941650390625;-0.477935791015625;
2024-11-10 15:59:19;1731276002.471277;portrait;0.592254638671875;-0.4463653564453125;-0.9405975341796875;
2024-11-10 15:59:19;1731276002.521522;portrait;-0.07568359375;-0.4363250732421875;-1.4827880859375;
2024-11-10 15:59:19;1731276002.5716481;portrait;0.3563079833984375;-0.24200439453125;-1.5587310791015625;
2024-11-10 15:59:19;1731276002.6220388;portrait;0.4236907958984375;-0.4912872314453125;-1.0253448486328125;
2024-11-10 15:59:19;1731276002.672186;portrait;-0.1422271728515625;-0.4580230712890625;-1.0228271484375;
2024-11-10 15:59:19;1731276002.7224169;portrait;-0.0876617431640625;-0.14068603515625;-1.1632537841796875;
2024-11-10 15:59:19;1731276002.7727752;portrait;-0.15423583984375;-0.18499755859375;-0.410614013671875;
2024-11-10 15:59:19;1731276002.823101;portrait;-0.2322540283203125;-0.2034912109375;-0.4232940673828125;
2024-11-10 15:59:19;1731276002.873115;portrait;-0.2111663818359375;-0.287353515625;-0.9717864990234375;
2024-11-10 15:59:19;1731276002.9237452;portrait;-0.002227783203125;-0.3121185302734375;-0.747894287109375;
2024-11-10 15:59:19;1731276002.9735909;portrait;-0.0150146484375;-0.162811279296875;-1.7231903076171875;
2024-11-10 15:59:19;1731276003.0237808;portrait;0.0350341796875;-0.4504852294921875;-0.8054656982421875;
2024-11-10 15:59:19;1731276003.079349;portrait;-0.1609954833984375;-0.4085693359375;-0.9711761474609375;
2024-11-10 15:59:19;1731276003.127727;portrait;-0.02459716796875;-0.3242950439453125;-1.005523681640625;
2024-11-10 15:59:19;1731276003.178936;portrait;0.002197265625;-0.3489990234375;-0.6080322265625;
2024-11-10 15:59:19;1731276003.228541;portrait;0.0235595703125;-0.350830078125;-0.7310943603515625;
2024-11-10 15:59:19;1731276003.280113;portrait;0.10723876953125;-0.3104705810546875;-0.793731689453125;
2024-11-10 15:59:19;1731276003.330031;portrait;0.1481170654296875;-0.2915191650390625;-0.9876251220703125;
2024-11-10 15:59:19;1731276003.380238;portrait;0.2321014404296875;-0.434295654296875;-1.1308135986328125;
2024-11-10 15:59:19;1731276003.430087;portrait;0.073760986328125;-0.082305908203125;-1.41009521484375;
2024-11-10 15:59:19;1731276003.48069;portrait;0.161102294921875;-0.1288909912109375;-1.2472076416015625;
2024-11-10 15:59:19;1731276003.530026;portrait;0.1143798828125;-0.235504150390625;-1.0238037109375;
2024-11-10 15:59:19;1731276003.5803862;portrait;0.078857421875;-0.19232177734375;-1.0294342041015625;
2024-11-10 15:59:19;1731276003.630581;portrait;0.048553466796875;-0.241119384765625;-0.8296966552734375;
2024-11-10 15:59:19;1731276003.679841;portrait;0.0657806396484375;-0.2622833251953125;-0.785888671875;
2024-11-10 15:59:19;1731276003.731763;portrait;0.046966552734375;-0.292572021484375;-0.7822113037109375;
2024-11-10 15:59:19;1731276003.781415;portrait;0.032745361328125;-0.342803955078125;-0.750152587890625;
2024-11-10 15:59:19;1731276003.8271651;portrait;0.0989990234375;-0.357879638671875;-0.8861846923828125;
2024-11-10 15:59:19;1731276003.881575;portrait;0.0393524169921875;-0.3999786376953125;-1.0254058837890625;
2024-11-10 15:59:19;1731276003.930834;portrait;0.1766204833984375;-0.470123291015625;-0.9941864013671875;
2024-11-10 15:59:19;1731276003.9785109;portrait;0.06915283203125;-0.410430908203125;-0.972259521484375;
