time,seconds_elapsed,altitude,speedAccuracy,bearingAccuracy,latitude,altitudeAboveMeanSeaLevel,bearing,horizontalAccuracy,verticalAccuracy,longitude,speed
1731517588874271700,-60.87272827148438,202.00334930419922,-1,-1,40.09551137405162,234.41334915161133,-1,40,45.09299087524414,-88.22867921932084,-1
1731517631212965000,-18.534034912109377,201.98264694213867,-1,-1,40.095423859630664,235.8251953125,-1,168.66666666666666,47.37096405029297,-88.22875043881753,-1
1731517649809222000,0.062221923828125,201.98333740234375,-1,-1,40.0952446224238,235.8251953125,-1,413.70660046691097,62.63162612915039,-88.2289154180322,-1
1731517649811541000,0.064541015625,201.98265075683594,-1,-1,40.09538601696794,234.39265060424805,-1,78.308778988,62.63162612915039,-88.22869444092976,-1
1731517651807251000,2.0602509765625,196.83935546875,-1,-1,40.095571470484224,229.2493553161621,-1,29.516202231750178,24,-88.22896722712389,-1
1731517652807732200,3.060732177734375,191.99322509765625,0.9300000071525574,61.56434721601681,40.095748915374365,224.40322494506836,191.6015625,10.478707189358323,16,-88.22907987990251,0.27000001072883606
1731517653801506000,4.054506103515625,200.633056640625,0.9300000071525574,54.68885340123936,40.095667988099244,233.0430564880371,191.6015625,9.301327002283626,6,-88.22917434395126,0
1731517655014879000,5.26787890625,200.092041015625,0.7099999785423279,-1,40.095669203475204,232.5020408630371,-1,5.436245173336884,3,-88.22916042999199,0
1731517656019498000,6.272498046875,198.77935791015625,0.7099999785423279,-1,40.09568227924415,231.18935775756836,-1,3.832151377857379,3,-88.22915498175493,0.1599999964237213
1731517657018219000,7.271218994140625,197.09222412109375,0.7099999785423279,40.83737661352066,40.09570474274465,229.50222396850586,1.40625,3.5355339059327373,3,-88.22915439502171,1.0299999713897705
1731517658000585000,8.2535849609375,196.45440673828125,0.7099999785423279,31.73736190305635,40.09573072664448,228.86440658569336,358.2421875,3.5355339059327373,3,-88.22915447884074,1.3799999952316284
1731517659000555000,9.253554931640625,196.189453125,0.7200000286102295,30.54763857228851,40.09575662672528,228.5994529724121,356.1328125,3.5355339059327373,3,-88.22915456265977,1.3799999952316284
1731517660000518400,10.253518310546875,195.39776611328125,0.7099999785423279,29.576201257205103,40.095781395249155,227.80776596069336,354.375,3.5355339059327373,3,-88.2291548979359,1.4500000476837158
1731517661000488700,11.25348876953125,195.3546142578125,0.7099999785423279,29.194342456182618,40.095804655030456,227.7646141052246,352.265625,3.5355339059327373,3,-88.22915598758331,1.5
1731517662000460500,12.25346044921875,195.2767333984375,0.7799999713897705,33.32380311138604,40.09582573551693,227.6867332458496,350.859375,3.5355339059327373,3,-88.22915749632588,1.440000057220459
1731517663000425700,13.25342578125,195.42437744140625,0.7200000286102295,29.433344435619702,40.095845852084544,227.83437728881836,349.1015625,3.5355339059327373,3,-88.22915959180168,1.5199999809265137
1731517664000403500,14.253403564453125,195.42437765654176,0.7200000286260619,29.433344435619702,40.095859294127706,227.83437750395387,349.10156032945576,4.605735215726583,3.5513011918738795,-88.22916296185477,1.5199999809264702
1731517665000381400,15.25338134765625,195.38525411859155,0.7099999785583846,28.795565276586014,40.09587863568237,227.79525396600366,346.9921849160094,4.605735182794899,3.551301234583469,-88.22916678890572,1.5199999809264702
1731517666000352000,16.25335205078125,195.1871340079233,0.7099999785590125,28.477035989547865,40.095897168488534,227.59713385533541,344.17968430851784,4.605735151731374,3.551301274870214,-88.22917209070309,1.549999952316238
1731517667000332800,17.253332763671875,194.92187522165477,0.7200000286268865,28.289784645904657,40.09591490453159,227.33187506906688,341.3671837355247,4.605735122140824,3.551301313246637,-88.22917859622201,1.5599999427794944
1731517668000308500,18.25330859375,194.9523928007111,0.7200000286268836,29.080957900865783,40.095931284445626,227.3623926481232,339.25780832716293,4.605735094958567,3.5513013484997056,-88.22918543286221,1.559999942779494
1731517669000281900,19.25328173828125,195.27557396888733,0.7099999785605259,27.595827180947502,40.09594661844235,227.68557381629944,335.74218247318765,4.605735070184309,3.551301380629807,-88.22919396720255,1.620000004768319
1731517670000262000,20.253261962890626,195.35650656931102,0.7099999785592044,28.52576426663394,40.095960020068745,227.76650641672313,334.3359323971682,4.605735048179226,3.5513014091685227,-88.22920238331429,1.5599999427794942
1731517671000253000,21.2532529296875,195.34594749845564,0.7099999785601004,27.86432874741011,40.09597301494144,227.75594734586775,331.52343173813296,4.605735027629787,3.551301435819394,-88.22921212372731,1.6000000238418075
1731517672000229400,22.2532294921875,195.2877809945494,0.720000028627745,28.02851112713154,40.095985373302724,227.6977808419615,330.1171814792566,4.60573500813164,3.551301461106825,-88.22922199721388,1.6000000238418075
1731517673000206600,23.25320654296875,195.3252565730363,0.7300000190901199,28.953574872845184,40.095997158152024,227.73525642044842,328.7109313416061,4.605734989384026,3.5513014854208813,-88.22923159866282,1.5700000524520397
1731517674000184000,24.25318408203125,195.4823000393808,0.750000000017009,28.960825118649094,40.0960085612151,227.8922998867929,324.1406178767831,4.605734971786634,3.5513015082431965,-88.22924374168646,1.6100000143050632
1731517675000162000,25.253162109375,195.30297873914242,0.7099999785594027,28.688566948143063,40.096018913164144,227.71297858655453,321.328117590571,4.605734955772152,3.551301529012614,-88.22925575309048,1.57000005245204
1731517676000141800,26.253141845703126,195.23114035651088,0.7200000286266306,29.086558655985115,40.09602812610229,227.641140203923,316.40624192775346,4.605734941834093,3.5513015470890856,-88.22926935505006,1.5499999523162387
1731517677000122000,27.2531220703125,195.3198244376108,0.709999978558961,28.474273178028536,40.09603835202569,227.72982428502291,316.4062419277493,4.605734926885163,3.551301566476573,-88.22928217936573,1.5499999523162387
1731517678000103200,28.253103271484374,195.4454347807914,0.7232358478797319,29.78176286329802,40.09604708513935,227.8554346282035,314.29686683737486,4.605734913976582,3.551301583217899,-88.22929497635474,1.5099999904632142
1731517679000085200,29.253085205078126,195.5252077318728,0.7159624617324899,29.331791357481467,40.096055999077606,227.9352075792849,312.89061658903114,4.60573490121168,3.5513015997728887,-88.22930827006762,1.5199999809264704
1731517680000069000,30.253069091796874,195.51647970173508,0.8883985563689883,35.33890942580062,40.09606444957706,227.9264795491472,311.4843664563921,4.605734889139448,3.551301615429541,-88.22932146795382,1.5099999904632146
1731517681000053000,31.253052978515626,195.3765871245414,0.731351518489508,29.9207478768307,40.09607265995798,227.7865869719535,309.374991184115,4.605734877482238,3.5513016305479472,-88.22933505028332,1.5099999904632142
1731517682000036400,32.253036376953126,195.37365743797272,0.7390704581782814,30.45740696307467,40.09608043955241,227.78365728538483,307.2656159237852,4.60573486665363,3.5513016445917267,-88.22934903315823,1.5099999904632144
1731517683000021500,33.253021484375,195.5607912298292,0.7722389145926761,29.994292118940574,40.09608787949088,227.9707910772413,304.45311547131587,4.605734856684446,3.551301657520906,-88.22936457163898,1.5299999713897265
1731517684000007700,34.25300756835937,200.09567582793534,1.6702546134749607,60.32073026025475,40.09607951616177,232.50567567534745,299.2597262002237,4.765257554218027,3.33419517646416,-88.2294083915468,1.538425010638206
1731517684999993600,35.25299365234375,200.15712019056082,1.6655195366517261,62.51337821596688,40.09608551744711,232.56712003797293,299.1131242928186,4.764740305705832,3.334934309993397,-88.22942324037179,1.4804577198433813
1731517685999979500,36.2529794921875,200.1870033191517,1.6876128423865062,62.375878995139566,40.09608841816632,232.5970031665638,296.3111809266386,4.764402408545375,3.3354170237371914,-88.22944176544785,1.4805409010340342
1731517686999967500,37.252967529296875,200.209659836255,1.7048432710154853,60.065168857830464,40.09609320654738,232.61965968366712,293.6369817648569,4.764969665007552,3.334606592140466,-88.22945412620629,1.5290082908968248
1731517687999954700,38.25295458984375,200.15306232869625,1.1172790941990216,28.246495145338677,40.09610011656199,232.56306217610836,292.39151661358784,4.731243590568722,3.3822878528432834,-88.22946978804505,1.343650923726514
1731517688999942700,39.25294262695313,201.16620378568769,1.1788257946494949,25.566531279611358,40.096108569938174,233.5762036330998,296.73701353051024,4.731247409412911,3.3822825109254917,-88.22949064225627,1.7252499749788646
1731517689999930600,40.2529306640625,200.68712889961898,0.970717182419244,26.948665906383585,40.09610754438486,233.0971287470311,286.7773363398268,4.7312296947218755,3.382307290677591,-88.22950292819299,1.1510042038451007
1731517690999919900,41.252919921875,200.57382926810533,1.190643497624123,25.45231190346206,40.0961106616525,232.98382911551744,282.57020766175685,4.7299507485467,3.384095588057665,-88.22952702214104,1.528015136585479
1731517691999908900,42.25290893554688,200.39780687354505,0.8765448648817659,26.565055269008127,40.096112920672454,232.80780672095716,283.35501030053,4.72995595508469,3.3840883108671553,-88.22953929288086,1.0266882881597352
1731517692999897900,43.25289794921875,200.62968736793846,1.2510391607896796,22.635515379316264,40.09611672027671,233.03968721535057,281.7831454091778,4.730653653896237,3.3831129215069105,-88.229569128322,1.8737229574007843
1731517693999889000,44.25288891601563,200.62220242712647,0.9428497052908259,23.980474494474795,40.09611664508185,233.03220227453858,278.5330721233728,4.731449205358758,3.382000214355229,-88.22957938692633,1.1441847149160569
1731517694999878700,45.252878662109374,200.6379713397473,1.2341591754509746,23.636657538063602,40.09611841609032,233.04797118715942,277.2860076307637,4.729463479970259,3.3847765398053156,-88.229604442924,1.6974705121429097
1731517695999869000,46.25286889648437,200.4903204869479,1.023126184792559,24.219642695929632,40.096117084844984,232.90032033436,272.90035259057794,4.7303959038192005,3.3834733079957,-88.22961586330477,1.1628458240433803
1731517696999859200,47.25285913085938,200.3271176079288,1.1798439577084474,22.105720596208215,40.09611695046251,232.73711745534092,270.76506841186426,4.7299690151273674,3.3840700567103923,-88.22964064159883,1.6599351326527065
1731517697999850800,48.252850830078124,200.30311432946473,0.7833183554888846,25.800614186606822,40.09611471758523,232.71311417687684,265.77368349429634,4.73016852466759,3.3837911816530397,-88.2296515073749,1.0437589750263505
1731517698999841800,49.252841796875,200.4457442322746,1.2605972519199415,22.656910896062524,40.09611335659477,232.8557440796867,265.9514181680569,4.730525244078763,3.3832924715316,-88.2296792962269,1.818174787282799
1731517699999832600,50.25283251953125,200.33345959242433,0.8170066839226418,25.42170765550894,40.09611315055994,232.74345943983644,268.7923177568869,4.730476838119135,3.383360151802824,-88.22968986493835,1.0902168421448402
1731517700999824600,51.25282470703125,200.35871655493975,1.2563131173280977,24.835637384634488,40.096109669789975,232.76871640235186,263.8574728375204,4.731551234639218,3.3818574699080575,-88.22971414827902,1.661309631116457
1731517701999816400,52.25281640625,200.35044916532934,0.9303122968107047,24.54640696514975,40.09610698173383,232.76044901274145,259.4488155886408,4.731337953504219,3.382155851305398,-88.2297255957484,1.132030449258564
1731517702999807700,53.25280786132812,200.24079511594027,1.2485723158355129,26.08715093208575,40.0961031528612,232.65079496335238,258.6532077349664,4.732088953646502,3.3811050216705176,-88.22974869214389,1.6158224176957157
1731517703999800300,54.25280029296875,200.26221244689077,1.0113709130315038,25.76308844606698,40.09610195357935,232.67221229430288,258.5434115323201,4.731176913174594,3.3823811211973966,-88.22976000141028,1.1622833775380381
1731517704999791600,55.25279150390625,200.13758600503206,1.2342531959398637,27.46592231599252,40.096094724728424,232.54758585244417,252.74366037335977,4.731573449930181,3.3818263883151425,-88.22978057955679,1.5874696519086242
1731517705999784400,56.252784423828125,199.94004810974002,0.9001084705139706,25.68206169413146,40.09609304343122,232.35004795715213,255.2199464405906,4.730819188052022,3.3828814408352597,-88.22979109152486,1.0899758833744946
1731517706999776800,57.25277685546875,200.10846250224859,1.2276125465840018,26.927476541443195,40.09608412369626,232.5184623496607,249.09746875478032,4.730902541381306,3.382764871631006,-88.22981275382276,1.6442586983623406
1731517707999769000,58.25276904296875,199.81698182970285,0.7424116735671834,28.4533794466127,40.09608071931742,232.22698167711496,246.74389961567377,4.729619364897493,3.3845587151023793,-88.22982223634479,1.0615321724178677
1731517708999761700,59.25276171875,199.8931928370148,1.2165028016322557,28.217821381673247,40.09607187375243,232.3031926844269,243.302059141419,4.730576602588572,3.3832206608245934,-88.2298430036683,1.6303872445927983
1731517709999755000,60.252755126953126,200.13170139677823,0.6007377983584057,28.268938358540883,40.09606811775808,232.54170124419034,243.75281890996987,4.729769788334144,3.384348501876014,-88.22985324231416,1.053989970777742
1731517710999747600,61.25274755859375,200.1515322336927,1.214591180786029,28.918077146975822,40.096059826248634,232.56153208110482,243.20743951493552,4.730606510685653,3.383178841540505,-88.22987348724327,1.580245474112817
1731517711999740700,62.25274072265625,200.37342563737184,0.7095993942090857,29.122522480550707,40.096053543320906,232.78342548478395,237.21865746296874,4.7293093517180065,3.3849918889919732,-88.2298826978399,1.083128107926377
1731517712999734000,63.25273413085937,200.4018834810704,1.184834524387164,28.245739868264845,40.09604190549324,232.8118833284825,235.6322387439359,4.731901991469673,3.3813666727987637,-88.22990304849158,1.7093953269966924
1731517713999726800,64.25272680664062,200.34038327354938,0.7842967116676725,30.365041021808057,40.09603766729607,232.7503831209615,235.31933073361972,4.729996778924001,3.3840312504699788,-88.22991142344726,1.0891163671306172
1731517714999720200,65.25272021484375,200.48647579643875,1.1686800113082394,29.346317115914175,40.09602472491125,232.89647564385086,231.73030556391987,4.733475011128205,3.3791642978425407,-88.22992959017479,1.6692270482551068
1731517715999713500,66.25271362304687,200.177928683348,0.82360820650711,31.774909704128483,40.09601967671684,232.5879285307601,230.71132984456767,4.73017689057617,3.383779487000888,-88.22993820072685,1.123971537857007
1731517716999706600,67.25270654296875,199.98809005133808,1.1573995501334087,29.767045885853836,40.09600699601129,232.3980898987502,228.4968242783293,4.733116198264538,3.3796668602858895,-88.22995467646548,1.6666386935008304
1731517717999700000,68.25269995117188,200.260191032663,0.7277706177935618,32.50703080340192,40.09599799420101,232.6701908800751,218.71144407428105,4.729155865831409,3.3852063200728573,-88.22995950767192,1.1228830188456902
1731517718999693600,69.25269360351562,200.3457901990041,1.1324098364384534,29.390090332035854,40.09598317083197,232.75579004641622,220.57738771812157,4.733210396190561,3.379534935191887,-88.22997728235998,1.749648476567655
1731517719999687700,70.25268774414063,200.58574981428683,0.8707151324837925,34.11863724297634,40.095976073399136,232.99574966169894,219.63587252032954,4.728274532913608,3.3864372095447797,-88.22998247391654,1.187600619421753
1731517720999680500,71.25268041992187,200.59456486720592,1.1251750270906944,29.795890302407493,40.095960824041924,233.00456471461803,218.71033247170877,4.731519501953591,3.3819018666161322,-88.22999664520452,1.7257854186385613
1731517721999674600,72.25267456054688,200.255181113258,0.8395136251847221,35.63436359471672,40.09595457990978,232.6651809606701,214.13977134406977,4.7270898268005785,3.388090731097282,-88.22999941825883,1.1383374561161008
1731517722999668700,73.25266870117187,200.7023129016161,1.118258074677094,29.73221581663133,40.0959381060006,233.1123127490282,214.42497229052094,4.732854205333862,3.380033743003524,-88.23001397985311,1.7257760741313317
1731517723999662800,74.25266284179688,200.53327950183302,0.5731835845529506,30.8956404945429,40.095930822540446,232.94327934924513,210.1728889051007,4.726967645017147,3.388261193554871,-88.23001677452329,1.0590390446589275
1731517724999656200,75.25265625,200.68081598728895,1.1113850240218297,31.263644483265637,40.095914056179566,233.09081583470106,208.85391774788516,4.732606711638061,3.3803802664415152,-88.23002810806813,1.6459695978225253
1731517725999650000,76.25265014648437,200.58798468392342,0.895814866385241,35.957323715424046,40.09590511073521,232.99798453133553,205.79141320958203,4.725575807138107,3.390202106627253,-88.23003264234862,1.2195084517337467
1731517726999643600,77.2526435546875,200.28295240085572,0.47356046421691145,26.744124317703704,40.09589314973835,232.69295224826783,203.8565074798039,4.726329561275615,3.3891512080462114,-88.2300386520412,1.1173663757022707
1731517727999637500,78.25263745117188,200.3092485871166,0.9592446045626322,37.516127467276185,40.09588134757642,232.7192484345287,202.39923773307052,4.725376057616903,3.3904805185828417,-88.23004489845542,1.2319295240895838
1731517728999631400,79.25263134765625,200.17407615855336,0.545259070259956,26.645265774813335,40.09586809459837,232.58407600596547,201.06686103272318,4.727651335780749,3.387307172383298,-88.2300506436751,1.2093530915058315
1731517729999625700,80.25262573242188,200.46637615561485,0.9093552732534471,36.90915586251701,40.095856750384755,232.87637600302696,195.98611457209688,4.726620362783995,3.3887456350255207,-88.23005428118461,1.2162128004726032
1731517730999619600,81.25261962890625,200.41733307298273,0.5361256573244476,25.826357906298657,40.09584232073548,232.82733292039484,195.11467403616027,4.7270465200747696,3.388151152153316,-88.23005883347737,1.2154557040173497
1731517731999613700,82.25261376953125,200.3965726783499,0.8947215987008962,36.7270609632243,40.095830676120265,232.80657252576202,193.44248007829344,4.7253488049552255,3.390518500804421,-88.23006144057668,1.2124344981672772
1731517732999607600,83.25260766601562,200.3208037437871,0.5398885481005421,26.071290782471397,40.09581705759113,232.73080359119922,191.4190866635007,4.726550147253541,3.388843569462356,-88.23006501142754,1.1989913614555192
1731517733999602200,84.25260229492187,200.22537828050554,0.9012844313154605,37.022239762843284,40.095805129480496,232.63537812791765,190.8761966497617,4.725410610386705,3.3904323612238,-88.23006878812554,1.2062977218874875
1731517734999595500,85.25259545898437,200.20973538979888,1.0901485014946322,29.49962957852617,40.09578620612453,232.619735237211,191.85565774583893,4.7322207653919515,3.3809205344672106,-88.23007329857587,1.7401597692523363
1731517735999590100,86.25259008789062,200.60474912263453,0.8840968891389729,36.34513200619518,40.09577832143585,233.01474897004664,187.50390819983852,4.725854701146551,3.389813324718616,-88.23007285028746,1.2128587651416325
1731517736999584800,87.25258471679687,200.36144830100238,0.539745229983359,26.088599028916985,40.095764568165876,232.7714481484145,180.8978307310939,4.727930439665882,3.386917594283867,-88.23007129949858,1.1797383786944313
1731517737999579000,88.25257885742188,200.38160904031247,0.9067874158726018,37.54349319456327,40.09575216920686,232.79160888772458,180.80309998168755,4.727361956267062,3.3877110218003677,-88.23007153347758,1.1827091728027266
1731517738999573200,89.2525732421875,200.3283938439563,1.0874840945090187,28.97966322003307,40.09573218664215,232.7383936913684,181.23189932864867,4.7333754339327525,3.379303779512988,-88.23007264565318,1.7564429146868898
1731517739999567600,90.25256762695312,200.53252138849348,0.7837949548083774,35.600692754128055,40.095724885177475,232.9425212359056,179.99891267296826,4.725451463836853,3.3903754210575228,-88.23007161596387,1.1515725607482046
1731517740999561200,91.25256127929687,200.42203474976122,1.0909405407842452,30.851626173187984,40.095706522680864,232.83203459717333,178.4423754585704,4.732919819438506,3.379941865706423,-88.23006988838026,1.65576078056792
1731517741999556000,92.25255615234374,200.5291540492326,0.6848735225450354,33.863210213758876,40.09569887257246,232.9391538966447,181.80273494817052,4.725723090203658,3.389996800515426,-88.23007052365192,1.1090963489213694
1731517742999550500,93.25255053710937,200.56833070889115,1.0914465078068432,29.94442366016032,40.095678684880525,232.97833055630326,179.48961133783658,4.733104381342103,3.379683409449623,-88.23006939121821,1.7080807716156603
1731517743999544000,94.2525439453125,200.4884291831404,0.8775303695711489,36.93324078227924,40.095671204591945,232.8984290305525,180.02296370523973,4.726730560996703,3.3885919253472556,-88.23007054305049,1.174707828785939
1731517744999538400,95.25253833007812,200.56092013139278,1.0871885510519768,30.95810458526656,40.095652584660584,232.9709199788049,178.8362324226417,4.733162115731688,3.379602553406416,-88.23006995103668,1.6423724665509472
1731517745999532800,96.25253271484375,200.52579326462,0.7001029127959112,34.41596011471406,40.09564490241904,232.93579311203212,179.4617035672064,4.726036554525697,3.3895597823427925,-88.23007095788006,1.0894714994853694
1731517746999527000,97.25252685546874,200.7423769440502,1.0848545141800623,31.437369387175735,40.09562594472406,233.1523767914623,178.11224414030642,4.732667805997267,3.380294731360839,-88.23006935128609,1.6237623960058647
1731517747999521000,98.25252099609375,200.4637011885643,0.7712819797038327,36.7195869240367,40.095618280647,232.8737010359764,179.29758518546575,4.724920947293874,3.3911147244840296,-88.23007046500375,1.0953396347760573
1731517748999515100,99.25251513671876,200.6106020733714,1.0871473549008501,31.494614551585787,40.09560026354105,233.02060192078352,180.69344800239506,4.732201785904718,3.380947099596358,-88.2300710558103,1.6244807791287774
1731517749999510300,100.25251025390625,200.62100494559854,0.8877160654782524,37.410944220780635,40.095591690169925,233.03100479301065,180.0671424927935,4.72558786840249,3.390185294463422,-88.23007042263825,1.185105390251652
1731517750999504100,101.25250415039062,200.5576158007607,1.0853572210855253,29.74714122526054,40.09557186540312,232.9676156481728,179.9919266340933,4.732401881344408,3.3806670149893114,-88.2300707498363,1.7164418816934048
1731517751999498200,102.25249829101563,200.7194212283939,0.8848183360908974,38.08833645582542,40.09556443483511,233.12942107580602,179.10262396029654,4.725669025584913,3.3900721664023874,-88.23007003040108,1.161067951305556
1731517752999492600,103.25249267578126,200.47375237662345,1.0915456031338682,28.69129870933826,40.09554369484921,232.88375222403556,177.1313471310105,4.732306843972967,3.380800048402072,-88.2300676198346,1.7794666242962365
1731517753999487000,104.25248706054687,200.61905125156045,0.6864336612502038,34.713446753519314,40.095538679324726,233.02905109897256,179.1245349741981,4.722859022410312,3.393985811288307,-88.2300687670878,1.0827973898494019
1731517754999481600,105.25248168945312,200.5567257590592,1.08627932690314,32.33269594165809,40.095520427911985,232.9667256064713,181.11872908072846,4.73078716728789,3.382926220096007,-88.23007015940678,1.5807594102178795
1731517755999475700,106.25247583007813,200.43162535410374,0.5904263675007029,31.178318028194106,40.095512382525165,232.84162520151585,178.8423654965613,4.723622184906799,3.3929235899214043,-88.23006945458717,1.055138109714887
1731517756999470000,107.25246997070313,200.39849066361785,1.0914147854250664,32.402551724248504,40.09549477672149,232.80849051102996,178.64570736536695,4.731899754106572,3.381369803774055,-88.23006903609428,1.5759470449735804
1731517757999465000,108.25246484375,200.36377174407244,0.5981778667739834,31.856019240656085,40.09548727274142,232.77377159148455,176.9044001839902,4.724119861649287,3.3922306179797914,-88.2300682594168,1.0583501552020738
1731517758999459300,109.25245922851562,200.28253175131977,1.0944567161731444,32.21897865623344,40.09546892343118,232.69253159873188,178.44546376397798,4.731699007359312,3.3816507117891006,-88.23006817716767,1.5869292808734985
1731517759999453400,110.25245336914062,200.37293097376823,0.49212727928520483,27.050719859956253,40.09546101943506,232.78293082118034,175.02175311230053,4.723851035762588,3.3926049614880833,-88.23006553107506,1.046161894584838
1731517760999448300,111.2524482421875,199.98055693972856,1.0952948792796051,33.2899211661459,40.09544420582568,232.39055678714067,178.4294949554416,4.731242570004479,3.3822892804380653,-88.23006668121022,1.5284652479143521
1731517761999442700,112.25244262695313,200.07564751431346,0.49106297396984117,26.717274453757565,40.09543450388408,232.48564736172557,179.09246320203167,4.724508211132143,3.3916897257464154,-88.23006638400186,1.053177863163716
1731517762999436800,113.25243676757813,199.70790440868586,1.0936448196207587,32.549925771168816,40.095416833997334,232.11790425609797,179.0567763902541,4.731873922133044,3.3814059528288056,-88.23006582098881,1.5645842424925411
1731517763999431400,114.25243139648437,199.92007984314114,0.4777104558637345,26.232872953118235,40.09540773962355,232.33007969055325,178.42982971620714,4.724423679853889,3.3918074718392672,-88.23006435913652,1.0431651068731425
1731517764999425800,115.25242578125,199.7996107004583,1.0937203598568315,32.66687740431636,40.09539003615966,232.2096105478704,178.9573780995971,4.732136945709042,3.381037852471387,-88.23006503006323,1.566920101232309
1731517765999420000,116.252419921875,199.72613764274865,0.5710216954368661,30.724039948760804,40.09538032523802,232.13613749016076,181.38663459665443,4.725765076503276,3.3899382700118323,-88.23006598665357,1.0643966425545157
1731517766999414800,117.25241479492188,200.01478183362633,1.0895246459244543,29.874901132169693,40.09536053582478,232.42478168103844,179.39967863430297,4.732930926113518,3.379926313017352,-88.23006594669184,1.7092820018433645
1731517767999409200,118.2524091796875,199.9627638263628,0.6889140994306511,34.512597575286776,40.09535245089444,232.3727636737749,178.95655043625672,4.725588164238857,3.390184882096323,-88.23006653464668,1.1034502781984918
1731517768999404000,119.25240405273438,199.7880266206339,1.095036651808792,31.478387206094858,40.09533341421784,232.198026468046,178.22918645105756,4.733313804737399,3.379390101582119,-88.23006497400401,1.6253835529761342
1731517769999398100,120.25239819335937,200.15821602009237,0.7684992323537663,36.03114961368276,40.09532476761227,232.56821586750448,178.32353922327187,4.726508358458195,3.3889018531396946,-88.23006563592676,1.1196929780474543
1731517770999392300,121.25239233398437,199.75357387028635,1.0978259601618185,32.2762972012304,40.09530683116468,232.16357371769845,178.63318648337076,4.733801251623653,3.3787072591325775,-88.23006514753631,1.584805689743762
1731517771999387000,122.25238696289063,199.704522209242,0.8166866234239624,36.224786360764874,40.09529792460276,232.1145220566541,178.0991958735747,4.726236768735379,3.3892806078344413,-88.23006548480186,1.1378474650369932
1731517772999381500,123.25238159179688,199.51347244903445,1.092621765720104,30.34997727142118,40.09527868962952,231.92347229644656,180.2731640282082,4.731706998150418,3.38163953082572,-88.23006735512446,1.6800274614579904
1731517773999375400,124.25237524414062,199.67861363384873,0.8846540319753813,36.461145227890555,40.095270398390454,232.08861348126084,179.97255285136828,4.72485461273512,3.3912071480970445,-88.23006700341831,1.2129602342715622
1731517774999370000,125.25236987304687,199.49145267438143,0.5389099353232154,25.70708058239377,40.095256854336164,231.90145252179354,180.69187923489508,4.7267642516226225,3.388544929962013,-88.23006701380528,1.191415208609567
1731517775999364000,126.25236401367188,199.57858508545905,0.907993849207532,36.31979261192945,40.09524393143287,231.98858493287116,179.55227659275914,4.725230549537212,3.3906833067258133,-88.2300661448405,1.239079759897222
1731517776999359500,127.252359375,199.68643190618604,0.5387485516887032,25.752804059055897,40.09522964430939,232.09643175359815,179.96825320524857,4.7266106580387115,3.388759171157445,-88.23006592021703,1.1984063451691203
1731517777999353300,128.25235327148437,199.45454502291977,0.9534020343750212,36.67893496700338,40.09521635645509,231.86454487033188,181.39575006221258,4.726239577700845,3.389276690824014,-88.23006701334653,1.2559922701878234
1731517778999346700,129.2523466796875,199.6834543934092,0.46148023009378064,27.026907555052937,40.095202604340464,232.0934542408213,179.186569629018,4.726902314295365,3.388352334675065,-88.2300667530259,1.1181030415086246
1731517779999342300,130.25234228515626,199.46446946728975,0.9089742144402198,37.4696109210904,40.09518951569326,231.87446931470186,178.4793753764072,4.7267486319566245,3.3885667181103303,-88.2300667729596,1.1963712074987696
1731517780999336200,131.25233618164063,199.56909034773707,1.0844025276455118,30.086709196990185,40.09516988196997,231.97909019514918,178.97806633996169,4.732867620637093,3.3800149582973478,-88.23006682263849,1.694700295453595
1731517781999331800,132.25233178710937,199.65312565956265,0.6796560457969942,35.0372672600824,40.09516247953564,232.06312550697476,176.9663879670498,4.724967858542235,3.391049360969499,-88.23006583729038,1.0733920457942168
1731517782999325700,133.25232568359374,199.72721709311008,1.0863362337305957,31.151081062534598,40.09514336309954,232.1372169405222,179.51760693625172,4.73186108678244,3.381423914297488,-88.2300662070834,1.6399290481835598
1731517783999945200,134.2529453125,199.79856996517628,0.6841803572250731,34.49058831879501,40.09513565143815,232.2085698125884,180.89478487413595,4.723171042114975,3.3935515820030453,-88.23006657057172,1.0890055396962681
1731517784999963400,135.25296337890626,199.69731738697737,1.0586491237457145,31.400761955966622,40.095116287985384,232.10731723438948,181.88031226760341,4.731191617897971,3.382360552561009,-88.23006731684626,1.594289545689535
1731517785999960800,136.2529609375,199.7045582458377,0.8853275528502093,36.94867945027311,40.09510674484301,232.1145580932498,176.8013024810536,4.724784559526522,3.3913047487432637,-88.2300646103446,1.1985787662403964
1731517786999970800,137.252970703125,199.57348672300577,0.5396302680399334,25.91833731552224,40.09509154334727,231.98348657041788,178.31763833061433,4.726560697241935,3.3888288549404004,-88.23006396656801,1.1907390216600844
1731517787999974700,138.252974609375,199.7653524717316,0.8545619328002554,37.61964210144313,40.09507881302306,232.1753523191437,182.3068676940537,4.724519960623587,3.3916733590453747,-88.23006512832741,1.1506403702559687
1731517788999974000,139.25297387695312,199.77552386838943,0.539091020822956,25.747211910619143,40.09506384450987,232.18552371580154,179.45893118128012,4.726127111826983,3.3894335154480864,-88.23006406905444,1.199242971358391
1731517789999981800,140.25298193359376,199.73402221966535,0.9624708063480778,37.01041538758639,40.09505082078541,232.14402206707746,176.95117328710148,4.725880675805003,3.3897771122658913,-88.2300613639792,1.257520565385654
1731517790999985200,141.25298510742186,200.0070725372061,0.461582750620783,26.961151243002156,40.09503738111172,232.41707238461822,175.37051626228404,4.725778253255982,3.3899199008002636,-88.23005913371864,1.1100341066046073
1731517791999980500,142.25298046875,200.06198770180345,0.9003546964437104,37.15585719609205,40.09502547321284,232.47198754921556,168.28031143478782,4.725369550402709,3.390489587790492,-88.23005307057673,1.195637862755308
1731517792999984000,143.25298413085937,200.07230988051742,1.068679351646311,30.415276853892955,40.09500700232335,232.48230972792953,169.85266746013625,4.731945552123112,3.3813057129652044,-88.23004845720189,1.6587892064255485
1731517793999984600,144.25298461914062,200.30420880112797,0.8156696419046761,36.783032586146334,40.09499858328572,232.71420864854008,168.57020316281577,4.725142463527706,3.390806059354642,-88.23004563440865,1.1392415676646306
1731517794999980500,145.25298046875,200.02033091988415,1.0969959692573144,30.08915047969168,40.09497947315266,232.43033076729625,166.62870180748925,4.732133055959341,3.381043296600287,-88.23003817939818,1.7086690867316072
1731517795999985700,146.25298559570314,199.83898474555463,0.7090969104999137,33.232817827990175,40.09497266043394,232.24898459296674,166.43323183088708,4.725467191456534,3.3903535000434295,-88.23003533966113,1.086817435536855
1731517796999991300,147.2529912109375,199.70652115065604,1.074446354806521,30.251402938622387,40.0949546471429,232.11652099806815,164.21909048546317,4.732075716457037,3.381123547950659,-88.2300264546324,1.6503599174142658
1731517797999987700,148.25298779296875,199.95278637018055,0.6115766483296967,32.07629799703242,40.094946874741915,232.36278621759266,158.97387308157977,4.725732509484637,3.3899836698115333,-88.23002075897078,1.0680457769269849
1731517798999986700,149.25298657226563,199.85822095163167,1.101996775564305,32.863180741487675,40.094930712000554,232.26822079904377,156.81228356850343,4.73099683798798,3.382632990990388,-88.23001090988056,1.55696577704149
1731517799999985200,150.25298510742186,199.87300843466073,0.5587342765827973,30.771877416331986,40.094922309037266,232.28300828207284,156.39541569776438,4.724614108430365,3.391542209557414,-88.23000694204315,1.0374803699949506
1731517800999984000,151.25298413085937,199.90668406616896,1.1053792814689258,31.043051838520775,40.09490590378406,232.31668391358107,153.1620989165622,4.7306184159973315,3.383162194606658,-88.22999501921869,1.6433731990707738
1731517801999982600,152.2529826660156,199.89205843396485,0.6795168246757746,33.49374844308204,40.0948993427698,232.30205828137696,149.0911501722675,4.724807020767765,3.391273455398794,-88.22998865086707,1.0676739093380567
1731517802999980000,153.25297998046875,199.91788087692112,1.1111241871434483,31.337631903141123,40.094883283718595,232.32788072433323,148.75874673311498,4.730815067539992,3.382887203192772,-88.22997504236854,1.6217810221356295
1731517803999978200,154.25297827148438,199.91855746600777,0.5868469635787865,31.149443467656365,40.094876806008116,232.32855731341988,144.37101813920484,4.725828357474732,3.389850051031242,-88.2299673206174,1.0415966121190132
1731517804999975400,155.25297534179688,200.09267903119326,1.1316924950624694,31.532946233772403,40.09486251184567,232.50267887860537,144.28602587413798,4.730685295299442,3.3830686764572873,-88.22995235284786,1.608335808525657
1731517805999972900,156.25297290039063,199.70823956094682,0.5129000276415095,28.94055921692952,40.094855862548,232.11823940835893,145.7392852203913,4.727281444604299,3.387823368519783,-88.2299480938089,1.0227311719160659
1731517806999970600,157.25297045898438,199.72483611572534,0.9840237613997317,26.621972707680097,40.09484291004532,232.13483596313745,139.6314648404607,4.73147704799109,3.3819612619192365,-88.22993116517804,1.6314091247216949
1731517807999967000,158.25296704101564,199.48773183487356,0.5566506036081342,29.832773982442507,40.094838224733714,231.89773168228567,138.51987963825505,4.728699443842085,3.38584385384152,-88.22992467817265,1.0109381505551105
1731517808999963100,159.25296313476562,199.69355669151992,1.148354600060085,33.63934410177445,40.09482623252008,232.10355653893203,137.16541610815406,4.731668826642185,3.381692941083121,-88.22991079856321,1.4546849335135184
1731517809999959800,160.25295971679688,199.9266780326143,0.6239931997322454,30.9222173312272,40.09481865062386,232.3366778800264,135.72874027811804,4.728539461593154,3.3860672753129335,-88.2299010076093,1.0636984756567172
1731517810999956500,161.25295654296875,199.90590772405267,1.157391517983582,36.891897978077274,40.09481076432271,232.31590757146478,130.90884016813453,4.730969104367624,3.3826717792756416,-88.22988724280998,1.2728702874284914
1731517811999953200,162.252953125,199.780207734555,1.1820530554026916,33.63601414662394,40.09480267309798,232.19020758196712,127.22762198839438,4.732848684042357,3.38004147411646,-88.22987011788294,1.4304089801211382
1731517812999949000,163.25294897460938,200.0146133909002,1.0011901915679253,33.62681013540148,40.09479584173602,232.4246132383123,127.82569119222906,4.7303542238103695,3.3835315795878462,-88.22985982581939,1.175242365151015
1731517813999945200,164.2529453125,199.90762491617352,1.1723684377491397,30.40497218468083,40.09478597331094,232.31762476358563,126.21091308041403,4.7325756383565905,3.380423769296174,-88.22984100677677,1.5590888257623199
1731517814999942100,165.25294213867187,199.91002434678376,0.7199969374330432,29.42966541549268,40.09478236639177,232.32002419419587,123.72368004596551,4.73037439264,3.383503382330892,-88.22983204230988,1.0502650131663631
1731517815999937500,166.2529375,199.8949459027499,1.1460347981570056,29.43807226576165,40.09477509995829,232.304945750162,120.2180287885554,4.732155977229823,3.381011215591705,-88.22981277497487,1.4515754575108912
1731517816999933200,167.25293310546874,199.72063054144382,0.711647222446347,28.961361031169886,40.09476999737869,232.13063038885593,122.0065299783387,4.731428606130401,3.382029032678425,-88.22980337204952,1.0420462167852083
1731517817999928600,168.25292846679687,200.01402237731963,1.1518980626392958,28.817713968788272,40.094763722956614,232.42402222473174,117.2584377258467,4.7332667418026375,3.3794560189080554,-88.22978420802899,1.4590808202729093
1731517818999924200,169.25292431640625,200.1118252798915,0.6585353538374511,26.95968324291152,40.09476091826728,232.5218251273036,112.98671415621307,4.732234867113471,3.3809007964245836,-88.22977241308337,1.0531116885883625
1731517819999921000,170.2529208984375,200.443427384831,1.2390902105850652,29.228270010234432,40.09475389475027,232.85342723224312,112.65409121580376,4.732954957707151,3.3798926611808455,-88.22975242667133,1.5033971633107552
1731517820999915500,171.25291552734376,200.425134758465,0.7443508595986775,25.694662772052734,40.09475155271191,232.8351346058771,106.08713276462068,4.731553139733706,3.3818548044918995,-88.22973884631752,1.0687633859244032
1731517821999911700,172.25291162109374,200.43268194515258,1.0524404188876797,23.17197719722602,40.094744720413416,232.8426817925647,109.17835562304604,4.732454520244323,3.380593327599153,-88.22971812330097,1.4455403747705795
1731517822999907600,173.25290747070312,200.37696945481002,0.738690202560755,24.939483321415707,40.094744002849666,232.78696930222213,101.91071560155315,4.731657525776144,3.381708753212615,-88.22970334681946,1.0830461250184666
1731517823999902700,174.25290283203125,200.36687099467963,1.2439022263823494,29.015853146803728,40.0947395138491,232.77687084209174,103.38413583940456,4.732114685597647,3.38106900774591,-88.22968407092606,1.4174790682331582
1731517824999897300,175.2528974609375,200.44457268714905,0.6087308846674412,26.70449027344887,40.0947371970314,232.85457253456116,102.91554290988934,4.73032699408516,3.3835696478450226,-88.2296718610318,1.0472344692069895
1731517825999892700,176.25289282226564,200.62757400702685,1.1534749684950254,27.37837105361533,40.09473395059195,233.03757385443896,102.75092140360894,4.73055699476945,3.3832480772220457,-88.22965356005139,1.2983843354349567
1731517826999888100,177.25288818359374,200.9516222961247,0.8677519723957741,25.140409487371038,40.09473208470152,233.3616221435368,101.31233777274626,4.729946669766572,3.3841012889618054,-88.22963787770226,1.1627828826082838
1731517827999882800,178.2528828125,201.26761013362557,1.1478215961172005,27.29433746425814,40.09473453523774,233.67760998103768,88.87021552423275,4.728524021647174,3.3860888366217545,-88.22962082435023,1.2271581183879754
1731517828999878400,179.25287841796876,201.28305849153548,1.263106195691713,26.24251808526674,40.09473046847224,233.6930583389476,95.74721685781068,4.729238853082707,3.385090383325355,-88.22960008967797,1.566666178926215
1731517829999873500,180.25287353515625,201.11447489168495,1.0334669160319203,25.061693034412464,40.09473181650569,233.52447473909706,93.74849773364863,4.729637736063157,3.384533042887336,-88.22958967888871,1.1279442630066883
1731517830999868000,181.25286791992187,201.02184152044356,1.26568584323275,27.485263629451453,40.094733746651436,233.43184136785567,89.58295040547743,4.729046453245792,3.385359164967911,-88.22956872978004,1.4750284077890166
1731517831999863600,182.25286352539064,200.94587633386254,0.8336920003407985,25.240435580518746,40.09473428957855,233.35587618127465,86.61071985418052,4.729952655607808,3.3840929225565715,-88.22955598986641,1.06476335713177
1731517832999858000,183.25285791015625,200.87756580673158,1.2690947418149108,26.631686519119697,40.09473685413577,233.2875656541437,85.06139001887192,4.728317017915335,3.386377889557082,-88.22953209911721,1.5423416439983824
1731517833999853000,184.25285302734375,200.98830599430948,0.8052504956244116,25.609109540372714,40.09473794002093,233.3983058417216,83.67257132695975,4.728613949631585,3.385963252626705,-88.22952215456904,1.0494549139956102
1731517834999848000,185.25284790039063,200.8342590359971,1.2554615332357222,28.40658127601089,40.094742783815,233.2442588834092,79.2751006396665,4.728276243866545,3.3864348206448796,-88.22950224532475,1.4559846107800651
1731517835999843000,186.25284301757813,200.8194525046274,0.9136804626694593,24.126658111966787,40.09474465447174,233.22945235203952,80.1844175024917,4.728680198562503,3.3858707318076577,-88.22949136199134,1.0887452157323125
1731517836999837400,187.25283740234374,200.8575130291283,1.2564718412247995,29.108322620261173,40.09474840512563,233.26751287654042,77.99091122448097,4.729389512014979,3.384879890990454,-88.2294720469795,1.4442704879817474
1731517837999832800,188.25283276367188,200.48813795950264,0.7915758652919848,27.084925529305853,40.094753088063385,232.89813780691475,72.15373136138152,4.729314967750348,3.3849840425918347,-88.22946085259396,1.0676283354033314
1731517838999827500,189.25282739257813,200.58135437779129,1.236097520967168,28.980565379391102,40.09475681976253,232.9913542252034,73.26008506109696,4.7291357857073395,3.3852343719646734,-88.22943989602916,1.4598582229064083
1731517839999822600,190.25282250976562,200.3555867234245,0.6438717621732977,27.597148733711105,40.09476206509296,232.7655865708366,68.35794300385218,4.729298552357095,3.3850069771659133,-88.2294296790822,1.0440505329708505
1731517840999816400,191.25281640625,200.3879591859877,1.2024665351043151,30.525690748729325,40.09476764977667,232.79795903339982,67.72394810070234,4.729935423928774,3.3841170071752193,-88.22941252640192,1.3876430800529453
1731517841999811000,192.25281103515624,200.48618530202657,0.7647710439403065,28.29999685870874,40.094771918103845,232.89618514943868,67.44349464017975,4.729011272439337,3.3854083088942937,-88.22940051310798,1.0785980608197026
1731517842999805400,193.25280541992188,200.32929951604456,1.2025706255676127,29.43380629051753,40.09477919068944,232.73929936345667,66.41956039857556,4.7296829301393934,3.384469886575574,-88.22938194687204,1.469320246666171
1731517843999800600,194.25280053710938,200.45344279613346,0.5442278444382953,29.40494879342049,40.09478413279471,232.86344264354557,64.67525181443014,4.7283740089024455,3.3862983130144704,-88.22937161209629,1.0386370486390628
1731517844999795500,195.25279541015624,200.5856092888862,1.1726692607995395,31.632718128145275,40.094791647089465,232.9956091362983,62.43762389123941,4.728157406314639,3.3866007402557603,-88.22935444809879,1.373392058990384
1731517845999790000,196.2527900390625,200.5181353352964,0.7181073643306297,29.91442684603818,40.09479846336815,232.9281351827085,60.49752829252763,4.727779194314141,3.3871287136155863,-88.22934287232373,1.0828813103879018
1731517846999785000,197.25278491210938,200.28784764092416,1.148294876045053,33.98594629803446,40.094807658897324,232.69784748833627,56.305025615014216,4.7280982359706085,3.386683348617118,-88.22932903986546,1.3077038869162323
1731517847999780000,198.25278002929687,200.64222435001284,0.7583073204806999,28.313134948170692,40.09481567814433,233.05222419742495,53.7811437441775,4.727906191699997,3.386951442709752,-88.22931498016631,1.2053725138888332
1731517848999773400,199.2527734375,200.60776831768453,0.9345231613137426,30.637358496038726,40.09482319029413,233.01776816509664,53.21393150621744,4.727125512929875,3.3880409409858534,-88.22930265767525,1.1990795864221089
1731517849999768600,200.2527685546875,200.41348280198872,1.158024148538525,31.85571312602833,40.09483465991382,232.82348264940083,50.052346724126764,4.730190700514991,3.383760182038664,-88.22928683341814,1.5385203000820584
1731517850999763200,201.25276318359374,200.32470306754112,0.6592180731026418,22.798605345717032,40.09484317296942,232.73470291495323,48.13494082721893,4.725469512884059,3.390350264440554,-88.22927438072183,1.480463849918189
1731517851999758300,202.25275830078124,200.37588962633163,0.640469775512376,23.326292437045755,40.09485379641512,232.78588947374374,44.97109922894396,4.725401148241447,3.3904455490373606,-88.22926321416136,1.488632620571618
1731517852999752400,203.25275244140624,200.11914677359164,0.5165843121150151,21.81782034537311,40.09486166371177,232.52914662100375,46.36757265962242,4.726147238877833,3.3894054507002074,-88.22925060713972,1.4704073776482935
1731517853999746600,204.25274658203125,200.20822783000767,0.4881434283797841,21.378826244994496,40.09487286715453,232.61822767741978,41.0916898031128,4.7270764738472995,3.3881093611612094,-88.22924179997041,1.4726447799836007
1731517854999742000,205.25274194335938,200.134150727652,0.6487044269627582,24.355010223487565,40.094882429867766,232.54415057506412,37.487044200794436,4.7264273581287926,3.3890148216141687,-88.22923327863913,1.4642729957686664
1731517855999735600,206.25273559570311,200.05014886148274,0.508546977062685,21.5529134572049,40.09489227876139,232.46014870889485,37.077678399438625,4.726562790412254,3.388825935494351,-88.22922292023722,1.4660687584719791
1731517856999731200,207.25273120117188,199.91258429922163,0.6350927850665911,24.115977275959022,40.09490400700561,232.32258414663374,31.756659944254604,4.726567332555941,3.388819600333404,-88.22921492201988,1.4626837278346148
1731517857999724300,208.25272436523437,199.86436028871685,0.6141248466613898,23.897902382729175,40.094914487461985,232.27436013612896,31.138973209302108,4.726318806569368,3.3891662059358416,-88.22920565187657,1.4588637414795997
1731517858999719700,209.2527197265625,199.7278614072129,0.7218735793454751,26.726571228182532,40.094925801967,232.13786125462502,27.294419983238615,4.7270431919807745,3.388155795405084,-88.22919800840678,1.456813478734786
1731517859999713800,210.2527138671875,199.82344783190638,0.8345407879262374,29.467051134083405,40.09493668320842,232.2334476793185,28.179820289391966,4.728214117492971,3.38652156230091,-88.22918675577166,1.4433507497311353
1731517860999708700,211.25270874023437,199.59898616187274,0.9153990641216544,30.421453474100037,40.094949519032454,232.00898600928485,25.051957670196742,4.72925775846757,3.385063970852416,-88.22917963755353,1.488498553884508
1731517861999703300,212.25270336914062,199.63398634269834,0.5934558025759964,23.69752063539778,40.09496066450526,232.04398619011045,21.082555515660868,4.726923179041931,3.388323227235703,-88.22917498139522,1.450718605201188
1731517862999698200,213.2526982421875,199.58540785685182,0.7450450074520282,27.091242555120388,40.09497374940998,231.99540770426393,17.810738883327968,4.726907198091995,3.3883455215510296,-88.22916991794727,1.4758160347672762
1731517863999692800,214.25269287109376,199.47096072603017,0.5228947186481576,20.96210808874113,40.09498590341016,231.88096057344228,18.59076063469014,4.726204453295068,3.389325670165483,-88.22916313297226,1.477330113905473
1731517864999686400,215.25268627929688,198.96351461019367,0.5184930818779178,20.882104397816455,40.09499702893918,231.37351445760578,24.24922898831382,4.725708668908704,3.3900169039976733,-88.22915409949731,1.4447961026092029
1731517865999682000,216.25268212890626,198.80672644358128,0.6997015866965193,25.05123213649804,40.095011882009324,231.2167262909934,12.886247970990425,4.726763950877849,3.388545349478218,-88.22915273354357,1.4943874429828958
1731517866999676200,217.25267626953126,199.02014124020934,0.5223676475660249,20.387539403500224,40.09502511940027,231.43014108762145,11.82814108161428,4.7260934666897505,3.3894804287532465,-88.2291484016532,1.4836258619976155
1731517867999670800,218.2526708984375,199.0819514291361,0.5073907638183776,20.30153949228572,40.09503841097594,231.4919512765482,9.520821445999847,4.726198085735489,3.38933454931481,-88.22914564364456,1.4806818681258682
1731517868999664400,219.2526643066406,199.0342612368986,0.564520972995922,21.816534788453573,40.09505197206137,231.4442610843107,7.434822938070177,4.7261492409591295,3.389402659019769,-88.22914376415942,1.4854635154581808
1731517869999658800,220.25265869140625,198.91168117243797,0.5951853625534835,22.95177735261125,40.095065362698044,231.32168101985008,8.962162165012616,4.726021353704242,3.3895809766282845,-88.22913947388727,1.4868558013697226
1731517870999654000,221.25265380859375,199.0764220058918,0.5210846795250653,20.280997668294017,40.09507951864367,231.4864218533039,8.487360448097316,4.725676721861208,3.390061437975416,-88.229136404953,1.4836887042271278
1731517871999647700,222.25264770507812,199.31742402818054,0.5824067212157577,22.180034776080028,40.09509315738609,231.72742387559265,6.137930433619196,4.725770907810244,3.3899301408263827,-88.22913526257726,1.4816490472593806
1731517872999642400,223.25264233398437,199.6908479174599,0.5263764209862358,20.580834663141047,40.09510566958045,232.10084776487201,359.054007409204,4.725845246220108,3.389826506116152,-88.22913788213287,1.4658934630675808
1731517873999637000,224.25263696289062,199.26213308796287,0.5295894216820358,20.575346693637602,40.09511884760964,231.67213293537498,0.15004101321177582,4.726260632205873,3.389247330787438,-88.22913823633776,1.4764943792771716
1731517874999632000,225.2526318359375,199.3400748334825,0.5732935609247761,22.13251845489741,40.095131880185946,231.7500746808946,359.9908823911699,4.725726164089633,3.3899925154530237,-88.22913907814204,1.4773175898358812
1731517875999626200,226.25262622070312,199.5789260752499,0.5688571755604341,21.840154459047948,40.0951457225993,231.98892592266202,359.3170218770329,4.725352134081748,3.3905138610125016,-88.2291392289889,1.4708977365363538
1731517876999620900,227.25262084960937,199.42928539123386,0.7285492594491447,26.555883728624668,40.09515821297524,231.83928523864597,1.2575335463051451,4.724246629977928,3.392054069723981,-88.22913855612545,1.4727603471759945
1731517877999615200,228.252615234375,199.49720850307494,0.6857376508074389,25.09746446369276,40.09517017381374,231.90720835048705,358.56612603349447,4.724190553755477,3.3921321679139145,-88.22914104852966,1.4743624740103534
1731517878999609300,229.252609375,199.32736673019826,0.5469371992056492,29.103720131746933,40.095179476627166,231.73736657761037,357.37975905755064,4.723746520818995,3.392750482991532,-88.22914163933523,1.076381477455739
1731517879999603700,230.25260375976563,199.49911713041365,1.0963292864492258,33.987427075204266,40.09519616011311,231.90911697782576,357.3056144761462,4.733788514994574,3.3787251039547894,-88.22914272275987,1.5055202895318036
1731517880999598800,231.25259887695313,199.2934317216277,0.5652491755556454,30.45063778163163,40.095204336603054,231.70343156903982,7.416101356142079,4.725882797680679,3.3897741540366186,-88.22913768389246,1.0630669848883705
1731517881999592200,232.25259228515625,199.3695516847074,1.0998935250071218,36.50822275510226,40.095220278854995,231.7795515321195,359.4247515136914,4.733860845118669,3.3786237629900717,-88.22914139761643,1.4129434195921504
1731517882999588000,233.25258813476563,199.46757342480123,0.4693311604160468,26.87521130427309,40.09523092890513,231.87757327221334,0.3749882616159737,4.728375977945872,3.3862955635876295,-88.22914219479996,1.0880197286280757
1731517883999581700,234.25258178710936,199.31440334487706,0.9709099380548609,37.660268898206525,40.09524421449645,231.72440319228917,357.0530411928827,4.728890009545497,3.3855776922719745,-88.22914505410336,1.2495408310977416
1731517884999576600,235.25257666015625,199.50824428070337,0.540223548039388,26.849838253246617,40.095255910257926,231.91824412811548,357.92588102959905,4.729752195669708,3.384373088231616,-88.22914492233778,1.150822603267709
1731517885999570400,236.2525703125,199.4386488283053,0.8473403124538743,35.04371613175644,40.09526931913336,231.8486486757174,358.82241838749945,4.7286684736956754,3.3858871066037404,-88.2291451815232,1.2211297866753799
1731517886999565000,237.25256494140626,199.3756649987772,1.0826877013083902,32.31296892558196,40.09528584533667,231.78566484618932,356.9951285826855,4.735410747129934,3.37645110859837,-88.22914469221091,1.5714518937686905
1731517887999560000,238.25255981445312,199.16647535003722,0.7897026696137048,36.08996944589869,40.09529485681001,231.57647519744933,358.5401409288624,4.727690536407426,3.387252459553687,-88.22914498539217,1.1402484990847377
1731517888999554000,239.25255395507813,199.14593614451587,1.0962585891770784,31.123620688951277,40.09531208622527,231.55593599192798,0.2937967013944547,4.735867810366294,3.375809993990361,-88.22914578971373,1.6504841050148358
1731517889999548000,240.2525478515625,198.981144326739,0.6300794067879295,32.71557650181013,40.09532123770735,231.39114417415112,357.3620891147211,4.72716131484123,3.387990988219622,-88.2291484352995,1.0988348928987821
1731517890999543300,241.25254321289063,199.02615127153695,1.1007017595843074,31.500929146893604,40.095340531703314,231.43615111894906,0.30911816342893805,4.735359393925059,3.3765231293676248,-88.22914834391982,1.6382985589283483
1731517891999537000,242.25253686523436,198.83449433650821,0.7620414908313863,35.3734439090045,40.095349780620374,231.24449418392032,0.5772465346966092,4.727868822787383,3.3870036060364446,-88.22914784960007,1.138447173197008
1731517892999531500,243.2525314941406,198.9368437770754,1.0979309903946366,31.603063671375697,40.09536877686442,231.34684362448752,0.5209110005463484,4.73624922111323,3.3752748552218903,-88.22914747366706,1.6260511936019946
1731517893999527000,244.25252685546874,198.95467472448945,0.8960363043383356,37.403398124400915,40.09537754363808,231.36467457190156,358.1220603796968,4.729502093421909,3.384722585546208,-88.22914936312259,1.1896434887911382
1731517894999521300,245.2525212402344,199.2247502990067,1.1016774820993505,30.697992349890438,40.09539714187617,231.6347501464188,356.90389434166775,4.736574324282592,3.3748186178424078,-88.22915066571309,1.6760153175717851
1731517895999515600,246.252515625,198.92231945414096,0.6805139650587682,34.511654505856235,40.09540512275035,231.33231930155307,356.4329998266173,4.728077137333163,3.3867128039171366,-88.22915112511608,1.0949288578847574
1731517896999509800,247.252509765625,199.0412913011387,1.099089755948779,31.825565964712283,40.095424695450646,231.4512911485508,0.7014433498697723,4.736278890773584,3.3752332218087355,-88.22914825259873,1.6176051883018585
1731517897999504000,248.25250390625,199.36890842206776,0.7221401688280098,33.34538178315365,40.09543512146449,231.77890826947987,356.06078027997603,4.727180716064505,3.387963918116116,-88.22914815105003,1.1492220893291227
1731517898999499300,249.25249926757812,199.4014996131882,1.1018996966833645,29.07285064953704,40.095456331215175,231.81149946060032,358.0250689447936,4.735074522188196,3.3769226082504558,-88.22914747601295,1.76908951886782
1731517899999493000,250.2524931640625,199.37649453803897,0.45698747475773316,19.06861350451442,40.09546975869449,231.78649438545108,357.79454552402865,4.726440356864337,3.388996693092655,-88.22914948722017,1.5244040127142409
1731517900999488000,251.25248803710937,199.55847378540784,0.5075379487150986,20.14956984736294,40.095483411906116,231.96847363281995,358.87787302001976,4.725011319880927,3.3909888026630135,-88.22914957307712,1.5225420465685535
1731517901999481600,252.25248168945313,199.68555363453925,0.5061217296336505,18.937308141155697,40.09549874395259,232.09555348195136,358.01317535422237,4.726082473294435,3.3894957572488558,-88.22915009384592,1.5437198728250556
1731517902999477000,253.25247705078124,201.04855734296143,0.6421354319791042,20.013855606691497,40.095511095965186,233.45855719037354,0.510016261520648,4.726551595860412,3.3888415490338617,-88.22914970892795,1.4560138938427591
1731517903999470600,254.252470703125,200.43065744824708,0.5608295283483397,20.174570878116,40.09552528211185,232.84065729565918,356.6873459638799,4.725830882953438,3.3898465302300007,-88.22915296310418,1.5300659725679049
1731517904999465000,255.25246484375,200.0215158900246,0.516862840949096,19.960581786735567,40.09553960687529,232.4315157374367,358.72573637046577,4.723442312681784,3.393173993705038,-88.22915147774424,1.54212912335278
1731517905999459800,256.2524599609375,199.9535704422742,0.529723966144271,20.110508479805823,40.095554589834514,232.36357028968632,359.6735258497021,4.723971317510042,3.392437475345902,-88.22915218357002,1.5418149927077238
1731517906999455000,257.252455078125,199.68656190298498,0.5679662897521289,20.990425059772416,40.09556904767842,232.0965617503971,0.1396162224622516,4.7241251265355295,3.392223285932768,-88.22915188614077,1.543394285617962
1731517907999449300,258.25244946289064,199.71774610504508,0.5109423083966227,20.020726670137922,40.09558209401804,232.1277459524572,0.09011354333527175,4.723819266746767,3.3926491961151655,-88.22915129876377,1.5436885219525496
1731517908999443000,259.25244287109376,199.78629257623106,0.5660407887886278,21.152486404722982,40.09559419216627,232.19629242364317,0.546880908537798,4.724968376555474,3.391048639188115,-88.22914996137072,1.533292554059866
1731517910000122000,260.2531220703125,199.63611322641373,0.5755569102866953,21.53559478252828,40.09560844967626,232.04611307382584,359.91542710020065,4.725038120124923,3.3909514588320446,-88.22914980281735,1.5315059157757656
1731517911000127000,261.253126953125,199.41201859433204,0.5904602835812169,21.98913809677492,40.09562313080695,231.82201844174415,358.92042553036543,4.725110392619729,3.39085075023155,-88.22914984610087,1.536362122738119
1731517912000119800,262.2531198730469,199.5384336821735,0.4752483002740095,20.112322366793695,40.095637275513376,231.9484335295856,357.09581694159647,4.7246731496204895,3.391459960259599,-88.22915292213239,1.541024013370405
1731517913000120300,263.2531203613281,199.49213365558535,0.5165836533756318,20.159808794864936,40.09565127162727,231.90213350299746,358.58618689819036,4.725517371753649,3.3902835577637633,-88.22915361791704,1.5367965619303363
1731517914000125000,264.253125,199.45828865934163,0.6042508853803157,22.346192617532267,40.09566473497522,231.86828850675374,0.9227791999033805,4.7249118542701245,3.3911273939748257,-88.2291526219166,1.5271206006979594
1731517915000118800,265.25311889648435,199.40382348559797,0.5737149413554966,21.569738897199567,40.09567742837256,231.81382333301008,359.4088185366115,4.723383479813214,3.393255890058463,-88.22915429343445,1.5246925300545275
1731517916000120300,266.2531203613281,199.3879433264956,0.5931801690057955,22.415786782662412,40.09569167273946,231.7979431739077,2.648292213136504,4.7243357844583045,3.3919298973409777,-88.22915247838058,1.5165713434342067
1731517917000118800,267.25311889648435,199.43404648918658,0.5621820851754643,29.199227758436674,40.0957005606423,231.8440463365987,0.26230165007757306,4.7234335665308285,3.3931861686855154,-88.22915190241591,1.102925766996594
1731517918000109300,268.253109375,199.40849114209414,1.0532644737095005,33.198898561707836,40.09571584286913,231.81849098950624,1.2812816476927364,4.729725851189878,3.384409905046229,-88.22915219360257,1.5061251711785029
1731517919000106000,269.25310595703127,199.40951216965914,0.47969684799868767,26.047040658563816,40.09572602053692,231.81951201707125,359.5566052877909,4.724874984881809,3.3911787640917663,-88.22915258797585,1.096967080047084
1731517920000106000,270.25310595703127,199.316151432693,1.0802555221983114,34.422352804281985,40.095742143133606,231.7261512801051,0.15201069613250656,4.730772911012714,3.3829461564170846,-88.22915231123822,1.47856076178749
1731517921000093700,271.25309375,199.43124645855278,0.47343049625446415,25.964952834812586,40.0957537678184,231.8412463059649,357.609793645713,4.725581959911454,3.39019353030889,-88.22915571569264,1.0821322921522283
1731517922000085800,272.25308569335937,199.5259688347578,1.0181037741504682,36.2003337671548,40.09576896225015,231.93596868216991,359.775856824275,4.729019584320405,3.385396698158564,-88.229154313812,1.3420260193982878
1731517923000085200,273.25308520507815,199.52432794403285,0.9332102434407847,34.01642419078026,40.095782633597594,231.93432779144496,358.44782506285,4.73140122240307,3.3820673419421396,-88.2291547565166,1.3446852046647781
1731517924000075300,274.2530751953125,199.4906065100804,0.9444417368699993,56.564380023477064,40.09578562484468,231.9006063574925,0.8742397348816136,4.730232559131773,3.383701666713322,-88.2291555236854,0.8171168118508619
1731517925000069000,275.2530690917969,199.48284963797778,1.3088553487736372,180,40.095781704821974,231.8928494853899,3.0743219918177545,4.735174095428682,3.376782983665074,-88.22915661933641,0.09129135745708293
1731517926000061400,276.2530615234375,199.42874365951866,0.9579150670655602,180,40.09577867619798,231.83874350693077,3.0743222543237807,4.736467244047425,3.3749689004277683,-88.22915625781225,0.020440058261058748
1731517927000055000,277.25305493164063,199.3038243483752,0.9572524872730257,180,40.09577886148269,231.7138241957873,3.074322636536504,4.73699769263687,3.3742243394211067,-88.22915570747323,0
1731517928000048000,278.25304809570315,199.1634440869093,1.347455681165188,180,40.09577991912068,231.5734439343214,3.0743232990965907,4.737140228201128,3.374024228002431,-88.22915474962947,0
